hcca,cluster.id,round,longitude,latitude,rdtpos,pop,Reported,UsedLastNight,Fever2Weeks,SoughtService
80201,80201_1,1,27.95026197,-16.54044866,0.072368421,161,0.50931677,0.50931677,31,0.161290323
80201,80201_1,2,27.95026197,-16.54044866,0.02661597,284,0.341549296,0.341549296,16,0.0625
80201,80201_1,3,27.95026197,-16.54044866,0.010791367,299,0.234113712,0.234113712,28,0.214285714
80201,80201_1,4,27.95026197,-16.54044866,0.024475524,289,0.363321799,0.363321799,17,0.176470588
80201,80201_1,5,27.95026197,-16.54044866,0.012232416,329,0.282674772,0.282674772,10,0.2
80201,80201_1,6,27.95026197,-16.54044866,0.007692308,268,0.197761194,0.197761194,10,0.1
80201,80201_10,1,28.01644673,-16.48337743,0.102941176,69,0.52173913,0.52173913,33,0.393939394
80201,80201_10,2,28.01644673,-16.48337743,0.028571429,192,0.359375,0.359375,9,0.222222222
80201,80201_10,3,28.01644673,-16.48337743,0,224,0.071428571,0.071428571,3,0
80201,80201_10,4,28.01644673,-16.48337743,0.006410256,161,0.291925466,0.291925466,10,0.2
80201,80201_10,5,28.01644673,-16.48337743,0.006896552,148,0.304054054,0.304054054,3,0.333333333
80201,80201_10,6,28.01644673,-16.48337743,0,143,0.20979021,0.20979021,8,0.375
80201,80201_11,1,27.93980147,-16.42484321,0.1875,16,0.375,0.375,1,0
80201,80201_11,2,27.93980147,-16.42484321,0.00990099,107,0.299065421,0.299065421,5,0
80201,80201_11,3,27.93980147,-16.42484321,0.018181818,115,0.191304348,0.191304348,21,0.142857143
80201,80201_11,4,27.93980147,-16.42484321,0.033333333,123,0.357723577,0.357723577,12,0.166666667
80201,80201_11,5,27.93980147,-16.42484321,0,48,0.020833333,0.020833333,6,0.166666667
80201,80201_11,6,27.93980147,-16.42484321,0.033333333,60,0.133333333,0.133333333,1,1
80201,80201_12,1,27.95418732,-16.42874617,0.027932961,181,0.364640884,0.364640884,17,0.117647059
80201,80201_12,2,27.95418732,-16.42874617,0.005249344,412,0.169902913,0.169902913,23,0.086956522
80201,80201_12,3,27.95418732,-16.42874617,0.002793296,400,0.05,0.05,43,0.23255814
80201,80201_12,4,27.95418732,-16.42874617,0.014662757,348,0.313218391,0.313218391,29,0.172413793
80201,80201_12,5,27.95418732,-16.42874617,0,276,0.130434783,0.130434783,14,0.357142857
80201,80201_12,6,27.95418732,-16.42874617,0.002777778,364,0.104395604,0.104395604,15,0.266666667
80201,80201_2,1,27.92715207,-16.43665301,0.028985507,69,0.202898551,0.202898551,10,0.1
80201,80201_2,2,27.92715207,-16.43665301,0.015873016,142,0.147887324,0.147887324,5,0.2
80201,80201_2,3,27.92715207,-16.43665301,0,100,0.03,0.03,10,0.2
80201,80201_2,4,27.92715207,-16.43665301,0.0125,168,0.482142857,0.482142857,15,0.4
80201,80201_2,5,27.92715207,-16.43665301,0.007633588,136,0.213235294,0.213235294,12,0.333333333
80201,80201_2,6,27.92715207,-16.43665301,0.006369427,159,0.119496855,0.119496855,8,0
80201,80201_3,1,27.92158979,-16.5200492,0.086956522,51,0.705882353,0.705882353,18,0.222222222
80201,80201_3,2,27.92158979,-16.5200492,0.027972028,148,0.331081081,0.331081081,17,0.117647059
80201,80201_3,3,27.92158979,-16.5200492,0,113,0.300884956,0.300884956,7,0
80201,80201_3,4,27.92158979,-16.5200492,0.016393443,124,0.282258065,0.282258065,3,0.333333333
80201,80201_3,5,27.92158979,-16.5200492,0.00621118,161,0.198757764,0.198757764,3,0
80201,80201_3,6,27.92158979,-16.5200492,0.013793103,147,0.095238095,0.095238095,12,0.333333333
80201,80201_4,1,27.99126742,-16.46810385,0.074766355,219,0.474885845,0.474885845,24,0.333333333
80201,80201_4,2,27.99126742,-16.46810385,0.014388489,430,0.327906977,0.327906977,26,0.461538462
80201,80201_4,3,27.99126742,-16.46810385,0.009920635,551,0.130671506,0.130671506,21,0.238095238
80201,80201_4,4,27.99126742,-16.46810385,0.007518797,417,0.287769784,0.287769784,21,0.142857143
80201,80201_4,5,27.99126742,-16.46810385,0.002409639,420,0.204761905,0.204761905,12,0.416666667
80201,80201_4,6,27.99126742,-16.46810385,0,390,0.161538462,0.161538462,23,0.52173913
80201,80201_5,1,27.96352634,-16.50459405,0.16,75,0.306666667,0.306666667,14,0.285714286
80201,80201_5,2,27.96352634,-16.50459405,0.044776119,76,0.184210526,0.184210526,4,0.5
80201,80201_5,3,27.96352634,-16.50459405,0.019230769,168,0.130952381,0.130952381,1,0
80201,80201_5,4,27.96352634,-16.50459405,0.022988506,175,0.337142857,0.337142857,15,0.133333333
80201,80201_5,5,27.96352634,-16.50459405,0.016129032,126,0.174603175,0.174603175,16,0.125
80201,80201_5,6,27.96352634,-16.50459405,0.017094017,117,0.085470085,0.085470085,3,0
80201,80201_6,1,28.00145913,-16.51358206,0,18,0.277777778,0.277777778,0,-1000
80201,80201_6,2,28.00145913,-16.51358206,0,21,0,0,0,-1000
80201,80201_6,3,28.00145913,-16.51358206,0,26,0.230769231,0.230769231,0,-1000
80201,80201_6,4,28.00145913,-16.51358206,0,22,0,0,0,-1000
80201,80201_6,5,28.00145913,-16.51358206,0,19,0.157894737,0.157894737,0,-1000
80201,80201_6,6,28.00145913,-16.51358206,0,18,0,0,0,-1000
80201,80201_7,1,27.98206747,-16.49477877,0.157718121,315,0.193650794,0.193650794,51,0.274509804
80201,80201_7,2,27.98206747,-16.49477877,0.037234043,401,0.244389027,0.244389027,25,0.36
80201,80201_7,3,27.98206747,-16.49477877,0.022403259,525,0.127619048,0.127619048,56,0.357142857
80201,80201_7,4,27.98206747,-16.49477877,0.10095498,781,0.585147247,0.585147247,134,0.470149254
80201,80201_7,5,27.98206747,-16.49477877,0.01910828,480,0.283333333,0.283333333,13,0.153846154
80201,80201_7,6,27.98206747,-16.49477877,0.002597403,389,0.159383033,0.159383033,8,0.125
80201,80201_8,1,27.95105285,-16.50594784,0.046610169,250,0.42,0.42,40,0.175
80201,80201_8,2,27.95105285,-16.50594784,0.014218009,463,0.269978402,0.269978402,45,0.177777778
80201,80201_8,3,27.95105285,-16.50594784,0.006389776,682,0.08797654,0.08797654,26,0.230769231
80201,80201_8,4,27.95105285,-16.50594784,0.02173913,659,0.321699545,0.321699545,47,0.191489362
80201,80201_8,5,27.95105285,-16.50594784,0.003676471,549,0.180327869,0.180327869,10,0.3
80201,80201_8,6,27.95105285,-16.50594784,0.003039514,662,0.087613293,0.087613293,41,0.268292683
80201,80201_9,1,27.99787434,-16.49404346,0.220588235,74,0.445945946,0.445945946,21,0.571428571
80201,80201_9,2,27.99787434,-16.49404346,0.046082949,245,0.314285714,0.314285714,20,0.35
80201,80201_9,3,27.99787434,-16.49404346,0.015544041,216,0.148148148,0.148148148,22,0.409090909
80201,80201_9,4,27.99787434,-16.49404346,0.015873016,326,0.5,0.5,20,0.35
80201,80201_9,5,27.99787434,-16.49404346,0.009174312,233,0.158798283,0.158798283,4,0
80201,80201_9,6,27.99787434,-16.49404346,0.008928571,225,0.195555556,0.195555556,6,0.166666667
80202,80202_1,1,27.82757734,-16.80448742,0.428893905,1568,0.458545918,0.458545918,276,0.180505415
80202,80202_1,2,27.82757734,-16.80448742,0.197519084,1193,0.352891869,0.352891869,128,0.140625
80202,80202_1,3,27.82757734,-16.80448742,0.225118483,1476,0.388211382,0.388211382,150,0.146666667
80202,80202_1,4,27.82757734,-16.80448742,0.531055901,1415,0.513074205,0.513074205,313,0.242811502
80202,80202_1,5,27.82757734,-16.80448742,0.288288288,1424,0.341292135,0.341292135,137,0.131386861
80202,80202_1,6,27.82757734,-16.80448742,0.308,1346,0.29346211,0.29346211,66,0.075757576
80202,80202_10,1,28.05454297,-16.76276415,0.419254658,717,0.436541144,0.436541144,144,0.104166667
80202,80202_10,2,28.05454297,-16.76276415,0.221388368,635,0.365354331,0.365354331,34,0.088235294
80202,80202_10,3,28.05454297,-16.76276415,0.193133047,780,0.392307692,0.392307692,77,0.102564103
80202,80202_10,4,28.05454297,-16.76276415,0.464351005,592,0.383445946,0.383445946,100,0.07
80202,80202_10,5,28.05454297,-16.76276415,0.206349206,543,0.252302026,0.252302026,32,0.03125
80202,80202_10,6,28.05454297,-16.76276415,0.08974359,502,0.229083665,0.229083665,5,0
80202,80202_2,1,27.89093107,-16.70535137,0.33105802,666,0.481981982,0.481981982,224,0.089285714
80202,80202_2,2,27.89093107,-16.70535137,0.091644205,431,0.484918794,0.484918794,20,0.05
80202,80202_2,3,27.89093107,-16.70535137,0.113207547,604,0.443708609,0.443708609,70,0.071428571
80202,80202_2,4,27.89093107,-16.70535137,0.335390947,531,0.352165725,0.352165725,78,0.166666667
80202,80202_2,5,27.89093107,-16.70535137,0.144736842,485,0.402061856,0.402061856,5,0.2
80202,80202_2,6,27.89093107,-16.70535137,0.126106195,474,0.284810127,0.284810127,5,0
80202,80202_3,1,27.98349071,-16.7331751,0.62890625,614,0.346905537,0.346905537,177,0.084745763
80202,80202_3,2,27.98349071,-16.7331751,0.298795181,478,0.225941423,0.225941423,43,0.046511628
80202,80202_3,3,27.98349071,-16.7331751,0.226415094,527,0.35483871,0.35483871,48,0.041666667
80202,80202_3,4,27.98349071,-16.7331751,0.584487535,391,0.404092072,0.404092072,87,0.137931034
80202,80202_3,5,27.98349071,-16.7331751,0.207943925,461,0.353579176,0.353579176,24,0.125
80202,80202_3,6,27.98349071,-16.7331751,0.125570776,463,0.203023758,0.203023758,3,0
80202,80202_4,1,28.10987384,-16.73187919,0.271084337,189,0.55026455,0.55026455,7,0
80202,80202_4,2,28.10987384,-16.73187919,0.214285714,169,0.485207101,0.485207101,1,0
80202,80202_4,3,28.10987384,-16.73187919,0.064220183,135,0.22962963,0.22962963,34,0.088235294
80202,80202_4,4,28.10987384,-16.73187919,0.350364964,146,0.376712329,0.376712329,34,0.205882353
80202,80202_4,5,28.10987384,-16.73187919,0.109375,152,0.440789474,0.440789474,9,0
80202,80202_4,6,28.10987384,-16.73187919,0.18018018,117,0.256410256,0.256410256,2,0
80202,80202_5,1,27.77991831,-16.76237758,0.489256198,676,0.556213018,0.556213018,139,0.151079137
80202,80202_5,2,27.77991831,-16.76237758,0.224489796,634,0.503154574,0.503154574,83,0.120481928
80202,80202_5,3,27.77991831,-16.76237758,0.192982456,730,0.506849315,0.506849315,99,0.131313131
80202,80202_5,4,27.77991831,-16.76237758,0.530841121,586,0.650170648,0.650170648,155,0.258064516
80202,80202_5,5,27.77991831,-16.76237758,0.366990291,574,0.364111498,0.364111498,58,0.155172414
80202,80202_5,6,27.77991831,-16.76237758,0.270321361,550,0.318181818,0.318181818,26,0.230769231
80202,80202_6,1,27.94228474,-16.74267142,0.544152745,1363,0.532648569,0.532648569,476,0.228991597
80202,80202_6,2,27.94228474,-16.74267142,0.256779661,1312,0.418445122,0.418445122,158,0.056962025
80202,80202_6,3,27.94228474,-16.74267142,0.238644557,1546,0.453428202,0.453428202,199,0.08040201
80202,80202_6,4,27.94228474,-16.74267142,0.509267432,1214,0.453871499,0.453871499,177,0.118644068
80202,80202_6,5,27.94228474,-16.74267142,0.235294118,1100,0.381818182,0.381818182,16,0.25
80202,80202_6,6,27.94228474,-16.74267142,0.197093551,1188,0.371212121,0.371212121,10,0
80202,80202_7,1,28.00405029,-16.68686869,0.475268817,504,0.513888889,0.513888889,144,0.180555556
80202,80202_7,2,28.00405029,-16.68686869,0.212962963,508,0.326771654,0.326771654,17,0
80202,80202_7,3,28.00405029,-16.68686869,0.122287968,564,0.420212766,0.420212766,52,0.019230769
80202,80202_7,4,28.00405029,-16.68686869,0.444751381,375,0.429333333,0.429333333,54,0.074074074
80202,80202_7,5,28.00405029,-16.68686869,0.22392638,334,0.125748503,0.125748503,16,0
80202,80202_7,6,28.00405029,-16.68686869,0.102678571,474,0.265822785,0.265822785,2,0
80202,80202_8,1,27.86949796,-16.74520651,0.332378223,795,0.621383648,0.621383648,170,0.217647059
80202,80202_8,2,27.86949796,-16.74520651,0.139745917,618,0.524271845,0.524271845,87,0.218390805
80202,80202_8,3,27.86949796,-16.74520651,0.137709138,876,0.511415525,0.511415525,119,0.201680672
80202,80202_8,4,27.86949796,-16.74520651,0.352855051,761,0.554533509,0.554533509,193,0.170984456
80202,80202_8,5,27.86949796,-16.74520651,0.206299213,702,0.37037037,0.37037037,55,0.090909091
80202,80202_8,6,27.86949796,-16.74520651,0.155518395,653,0.335375191,0.335375191,21,0
80202,80202_9,1,27.81839976,-16.76653996,0.30862069,1343,0.620253165,0.620253165,165,0.23030303
80202,80202_9,2,27.81839976,-16.76653996,0.075573549,866,0.536951501,0.536951501,126,0.158730159
80202,80202_9,3,27.81839976,-16.76653996,0.100175747,1343,0.517498138,0.517498138,126,0.325396825
80202,80202_9,4,27.81839976,-16.76653996,0.388085106,1282,0.698127925,0.698127925,411,0.418491484
80202,80202_9,5,27.81839976,-16.76653996,0.192307692,929,0.476856835,0.476856835,63,0.174603175
80202,80202_9,6,27.81839976,-16.76653996,0.154195011,1003,0.395812562,0.395812562,14,0.142857143
80203,80203_1,1,27.87439231,-16.796494,0.263636364,147,0.442176871,0.442176871,3,0.666666667
80203,80203_1,2,27.87439231,-16.796494,0.087837838,172,0.418604651,0.418604651,1,1
80203,80203_1,3,27.87439231,-16.796494,0.120805369,170,0.576470588,0.576470588,1,1
80203,80203_1,4,27.87439231,-16.796494,0.243478261,123,0.341463415,0.341463415,0,-1000
80203,80203_1,5,27.87439231,-16.796494,0.116504854,126,0.158730159,0.158730159,0,-1000
80203,80203_1,6,27.87439231,-16.796494,0.151724138,167,0.467065868,0.467065868,0,-1000
80203,80203_10,1,27.86224516,-16.81982468,0.332618026,541,0.484288355,0.484288355,51,0.450980392
80203,80203_10,2,27.86224516,-16.81982468,0.118090452,477,0.362683438,0.362683438,5,0.8
80203,80203_10,3,27.86224516,-16.81982468,0.136268344,567,0.373897707,0.373897707,2,0
80203,80203_10,4,27.86224516,-16.81982468,0.215053763,499,0.472945892,0.472945892,6,0.833333333
80203,80203_10,5,27.86224516,-16.81982468,0.120181406,506,0.31027668,0.31027668,0,-1000
80203,80203_10,6,27.86224516,-16.81982468,0.201704545,401,0.403990025,0.403990025,11,0.909090909
80203,80203_11,1,27.84064804,-16.79038611,0.285714286,123,0.422764228,0.422764228,5,0
80203,80203_11,2,27.84064804,-16.79038611,0.225,146,0.308219178,0.308219178,4,0.25
80203,80203_11,3,27.84064804,-16.79038611,0.138211382,141,0.226950355,0.226950355,1,0
80203,80203_11,4,27.84064804,-16.79038611,0.474452555,156,0.391025641,0.391025641,4,0.25
80203,80203_11,5,27.84064804,-16.79038611,0.170731707,153,0.267973856,0.267973856,0,-1000
80203,80203_11,6,27.84064804,-16.79038611,0.275510204,105,0.171428571,0.171428571,0,-1000
80203,80203_12,1,27.83819167,-16.80156756,0.523178808,172,0.395348837,0.395348837,15,0.4
80203,80203_12,2,27.83819167,-16.80156756,0.260606061,190,0.436842105,0.436842105,5,0.6
80203,80203_12,3,27.83819167,-16.80156756,0.175757576,194,0.335051546,0.335051546,3,0.666666667
80203,80203_12,4,27.83819167,-16.80156756,0.54601227,184,0.288043478,0.288043478,1,0
80203,80203_12,5,27.83819167,-16.80156756,0.300699301,180,0.355555556,0.355555556,5,0
80203,80203_12,6,27.83819167,-16.80156756,0.2,182,0.318681319,0.318681319,0,-1000
80203,80203_2,1,27.84620211,-16.78844579,0.466101695,143,0.503496503,0.503496503,3,0.333333333
80203,80203_2,2,27.84620211,-16.78844579,0.275,174,0.362068966,0.362068966,2,0.5
80203,80203_2,3,27.84620211,-16.78844579,0.229813665,183,0.245901639,0.245901639,3,0
80203,80203_2,4,27.84620211,-16.78844579,0.590361446,190,0.526315789,0.526315789,1,1
80203,80203_2,5,27.84620211,-16.78844579,0.389830508,149,0.389261745,0.389261745,0,-1000
80203,80203_2,6,27.84620211,-16.78844579,0.285714286,144,0.138888889,0.138888889,0,-1000
80203,80203_3,1,27.91054628,-16.75521759,0.427184466,228,0.368421053,0.368421053,4,0.75
80203,80203_3,2,27.91054628,-16.75521759,0.145299145,135,0.214814815,0.214814815,0,-1000
80203,80203_3,3,27.91054628,-16.75521759,0.192708333,215,0.195348837,0.195348837,2,0
80203,80203_3,4,27.91054628,-16.75521759,0.308900524,213,0.183098592,0.183098592,0,-1000
80203,80203_3,5,27.91054628,-16.75521759,0.324022346,213,0.286384977,0.286384977,1,1
80203,80203_3,6,27.91054628,-16.75521759,0.18452381,185,0.421621622,0.421621622,0,-1000
80203,80203_4,1,27.95659489,-16.79828122,0.410377358,238,0.382352941,0.382352941,6,1
80203,80203_4,2,27.95659489,-16.79828122,-1000,-1000,-1000,-1000,-1000,-1000
80203,80203_4,3,27.95659489,-16.79828122,0.282442748,297,0.538720539,0.538720539,1,1
80203,80203_4,4,27.95659489,-16.79828122,0.394736842,209,0.272727273,0.272727273,0,-1000
80203,80203_4,5,27.95659489,-16.79828122,0.206349206,282,0.287234043,0.287234043,0,-1000
80203,80203_4,6,27.95659489,-16.79828122,0.193370166,187,0.14973262,0.14973262,0,-1000
80203,80203_5,1,27.84208903,-16.79778438,0.382022472,232,0.439655172,0.439655172,11,0.454545455
80203,80203_5,2,27.84208903,-16.79778438,0.239130435,263,0.292775665,0.292775665,4,0.75
80203,80203_5,3,27.84208903,-16.79778438,0.11827957,323,0.3374613,0.3374613,4,0.5
80203,80203_5,4,27.84208903,-16.79778438,0.49790795,263,0.463878327,0.463878327,2,1
80203,80203_5,5,27.84208903,-16.79778438,0.172839506,292,0.345890411,0.345890411,1,0
80203,80203_5,6,27.84208903,-16.79778438,0.172566372,255,0.250980392,0.250980392,0,-1000
80203,80203_6,1,27.85147439,-16.79855394,0.441269841,358,0.502793296,0.502793296,7,0.571428571
80203,80203_6,2,27.85147439,-16.79855394,0.14229249,291,0.443298969,0.443298969,1,1
80203,80203_6,3,27.85147439,-16.79855394,0.221902017,390,0.3,0.3,1,0
80203,80203_6,4,27.85147439,-16.79855394,0.529411765,326,0.389570552,0.389570552,2,1
80203,80203_6,5,27.85147439,-16.79855394,0.289962825,331,0.380664653,0.380664653,0,-1000
80203,80203_6,6,27.85147439,-16.79855394,0.307420495,313,0.345047923,0.345047923,0,-1000
80203,80203_7,1,27.88463603,-16.77206405,0.274590164,260,0.430769231,0.430769231,43,0.139534884
80203,80203_7,2,27.88463603,-16.77206405,0.236363636,131,0.267175573,0.267175573,0,-1000
80203,80203_7,3,27.88463603,-16.77206405,0.159090909,260,0.569230769,0.569230769,21,0.095238095
80203,80203_7,4,27.88463603,-16.77206405,0.368983957,196,0.443877551,0.443877551,46,0.108695652
80203,80203_7,5,27.88463603,-16.77206405,0.125984252,130,0.430769231,0.430769231,12,0.166666667
80203,80203_7,6,27.88463603,-16.77206405,0.193548387,194,0.226804124,0.226804124,14,0.214285714
80203,80203_8,1,27.90027439,-16.76687165,0.279365079,358,0.569832402,0.569832402,10,0.6
80203,80203_8,2,27.90027439,-16.76687165,0.179723502,252,0.396825397,0.396825397,2,0.5
80203,80203_8,3,27.90027439,-16.76687165,0.121428571,326,0.346625767,0.346625767,3,0.666666667
80203,80203_8,4,27.90027439,-16.76687165,0.304054054,324,0.466049383,0.466049383,18,0.611111111
80203,80203_8,5,27.90027439,-16.76687165,0.227106227,310,0.412903226,0.412903226,1,0
80203,80203_8,6,27.90027439,-16.76687165,0.238670695,358,0.424581006,0.424581006,1,0
80203,80203_9,1,27.86126661,-16.80465502,0.188186813,800,0.405,0.405,98,0.642857143
80203,80203_9,2,27.86126661,-16.80465502,0.079470199,186,0.564516129,0.564516129,1,0
80203,80203_9,3,27.86126661,-16.80465502,0.102827763,416,0.230769231,0.230769231,0,-1000
80203,80203_9,4,27.86126661,-16.80465502,0.229910714,946,0.114164905,0.114164905,1,0
80203,80203_9,5,27.86126661,-16.80465502,0.151291513,317,0.406940063,0.406940063,0,-1000
80203,80203_9,6,27.86126661,-16.80465502,0.101694915,628,0.265923567,0.265923567,2,1
80204,80204_1,1,27.66687317,-16.95647833,0.271676301,211,0.303317536,0.303317536,69,0.188405797
80204,80204_1,2,27.66687317,-16.95647833,0.153846154,76,0.302631579,0.302631579,0,-1000
80204,80204_1,3,27.66687317,-16.95647833,0.35,107,0.336448598,0.336448598,0,-1000
80204,80204_1,4,27.66687317,-16.95647833,-1000,-1000,-1000,-1000,-1000,-1000
80204,80204_1,5,27.66687317,-16.95647833,-1000,-1000,-1000,-1000,-1000,-1000
80204,80204_1,6,27.66687317,-16.95647833,-1000,-1000,-1000,-1000,-1000,-1000
80204,80204_2,1,27.62642914,-16.94565822,0.28,93,0.548387097,0.548387097,8,0.625
80204,80204_2,2,27.62642914,-16.94565822,0.261538462,77,0.337662338,0.337662338,7,0.428571429
80204,80204_2,3,27.62642914,-16.94565822,0.235294118,17,0.764705882,0.764705882,0,-1000
80204,80204_2,4,27.62642914,-16.94565822,-1000,-1000,-1000,-1000,-1000,-1000
80204,80204_2,5,27.62642914,-16.94565822,-1000,-1000,-1000,-1000,-1000,-1000
80204,80204_2,6,27.62642914,-16.94565822,-1000,-1000,-1000,-1000,-1000,-1000
80204,80204_3,1,27.56113442,-16.94303402,0.221789883,295,0.345762712,0.345762712,9,0.444444444
80204,80204_3,2,27.56113442,-16.94303402,0.137168142,255,0.262745098,0.262745098,33,0.272727273
80204,80204_3,3,27.56113442,-16.94303402,0.045454545,25,0.56,0.56,0,-1000
80204,80204_3,4,27.56113442,-16.94303402,-1000,-1000,-1000,-1000,-1000,-1000
80204,80204_3,5,27.56113442,-16.94303402,-1000,-1000,-1000,-1000,-1000,-1000
80204,80204_3,6,27.56113442,-16.94303402,-1000,-1000,-1000,-1000,-1000,-1000
80204,80204_4,1,27.51614372,-16.97519158,0.408695652,144,0.222222222,0.222222222,41,0.097560976
80204,80204_4,2,27.51614372,-16.97519158,0.214953271,119,0.352941176,0.352941176,10,0.4
80204,80204_4,3,27.51614372,-16.97519158,0.246376812,75,0.36,0.36,0,-1000
80204,80204_4,4,27.51614372,-16.97519158,-1000,-1000,-1000,-1000,-1000,-1000
80204,80204_4,5,27.51614372,-16.97519158,-1000,-1000,-1000,-1000,-1000,-1000
80204,80204_4,6,27.51614372,-16.97519158,-1000,-1000,-1000,-1000,-1000,-1000
80204,80204_5,1,27.64987083,-16.89967159,0.357142857,199,0.366834171,0.366834171,16,0.125
80204,80204_5,2,27.64987083,-16.89967159,0.270833333,167,0.275449102,0.275449102,13,0.538461538
80204,80204_5,3,27.64987083,-16.89967159,0.079545455,123,0.406504065,0.406504065,0,-1000
80204,80204_5,4,27.64987083,-16.89967159,-1000,-1000,-1000,-1000,-1000,-1000
80204,80204_5,5,27.64987083,-16.89967159,-1000,-1000,-1000,-1000,-1000,-1000
80204,80204_5,6,27.64987083,-16.89967159,-1000,-1000,-1000,-1000,-1000,-1000
80204,80204_6,1,27.58906003,-16.93398533,0.201780415,399,0.373433584,0.373433584,19,0.578947368
80204,80204_6,2,27.58906003,-16.93398533,0.097435897,217,0.488479263,0.488479263,6,0
80204,80204_6,3,27.58906003,-16.93398533,0.083333333,488,0.420081967,0.420081967,1,1
80204,80204_6,4,27.58906003,-16.93398533,-1000,-1000,-1000,-1000,-1000,-1000
80204,80204_6,5,27.58906003,-16.93398533,-1000,-1000,-1000,-1000,-1000,-1000
80204,80204_6,6,27.58906003,-16.93398533,-1000,-1000,-1000,-1000,-1000,-1000
80204,80204_7,1,27.60257131,-16.8988947,0.360215054,237,0.489451477,0.489451477,20,0.25
80204,80204_7,2,27.60257131,-16.8988947,0.13372093,218,0.435779817,0.435779817,19,0.473684211
80204,80204_7,3,27.60257131,-16.8988947,0.069767442,126,0.642857143,0.642857143,0,-1000
80204,80204_7,4,27.60257131,-16.8988947,-1000,-1000,-1000,-1000,-1000,-1000
80204,80204_7,5,27.60257131,-16.8988947,-1000,-1000,-1000,-1000,-1000,-1000
80204,80204_7,6,27.60257131,-16.8988947,-1000,-1000,-1000,-1000,-1000,-1000
80204,80204_8,1,27.67498655,-16.90772707,0.433962264,72,0.555555556,0.555555556,23,0
80204,80204_8,2,27.67498655,-16.90772707,0.194029851,74,0.418918919,0.418918919,10,0.5
80204,80204_8,3,27.67498655,-16.90772707,0.411764706,20,0.2,0.2,1,0
80204,80204_8,4,27.67498655,-16.90772707,-1000,-1000,-1000,-1000,-1000,-1000
80204,80204_8,5,27.67498655,-16.90772707,-1000,-1000,-1000,-1000,-1000,-1000
80204,80204_8,6,27.67498655,-16.90772707,-1000,-1000,-1000,-1000,-1000,-1000
80204,80204_9,1,27.54795825,-16.91727254,0.34137931,352,0.397727273,0.397727273,42,0.380952381
80204,80204_9,2,27.54795825,-16.91727254,0.168831169,205,0.365853659,0.365853659,21,0.238095238
80204,80204_9,3,27.54795825,-16.91727254,0.142857143,141,0.602836879,0.602836879,3,0
80204,80204_9,4,27.54795825,-16.91727254,-1000,-1000,-1000,-1000,-1000,-1000
80204,80204_9,5,27.54795825,-16.91727254,-1000,-1000,-1000,-1000,-1000,-1000
80204,80204_9,6,27.54795825,-16.91727254,-1000,-1000,-1000,-1000,-1000,-1000
80206,80206_1,1,27.59673304,-16.49387454,0.017751479,257,0.357976654,0.357976654,27,0.464285714
80206,80206_1,2,27.59673304,-16.49387454,0.014925373,255,0.4,0.4,26,0.576923077
80206,80206_1,3,27.59673304,-16.49387454,0,199,0.391959799,0.391959799,3,0.333333333
80206,80206_1,4,27.59673304,-16.49387454,0.017751479,199,0.301507538,0.301507538,21,0.714285714
80206,80206_1,5,27.59673304,-16.49387454,0,229,0.318777293,0.318777293,18,0.888888889
80206,80206_1,6,27.59673304,-16.49387454,0.004385965,290,0.255172414,0.255172414,15,0.8
80206,80206_2,1,27.71740271,-16.54091274,0.005813953,245,0.653061224,0.653061224,22,0.409090909
80206,80206_2,2,27.71740271,-16.54091274,0.005464481,203,0.502463054,0.502463054,14,0.357142857
80206,80206_2,3,27.71740271,-16.54091274,0,239,0.577405858,0.577405858,3,0.333333333
80206,80206_2,4,27.71740271,-16.54091274,0.015503876,163,0.466257669,0.466257669,11,0.818181818
80206,80206_2,5,27.71740271,-16.54091274,0,198,0.388888889,0.388888889,7,1
80206,80206_2,6,27.71740271,-16.54091274,0.011049724,208,0.375,0.375,9,0.777777778
80206,80206_3,1,27.60468311,-16.50164292,0.00308642,541,0.456561922,0.456561922,52,0.423076923
80206,80206_3,2,27.60468311,-16.50164292,0.009661836,529,0.468809074,0.468809074,31,0.419354839
80206,80206_3,3,27.60468311,-16.50164292,0.002570694,490,0.502040816,0.502040816,5,0.4
80206,80206_3,4,27.60468311,-16.50164292,0.028708134,520,0.325,0.325,44,0.727272727
80206,80206_3,5,27.60468311,-16.50164292,0.00204918,577,0.237435009,0.237435009,26,0.884615385
80206,80206_3,6,27.60468311,-16.50164292,0.005464481,648,0.266975309,0.266975309,27,0.592592593
80206,80206_4,1,27.61428624,-16.50966324,0,404,0.547029703,0.547029703,41,0.56097561
80206,80206_4,2,27.61428624,-16.50966324,0.003311258,369,0.482384824,0.482384824,28,0.535714286
80206,80206_4,3,27.61428624,-16.50966324,0.003610108,341,0.410557185,0.410557185,12,0.666666667
80206,80206_4,4,27.61428624,-16.50966324,0.007874016,315,0.384126984,0.384126984,13,0.692307692
80206,80206_4,5,27.61428624,-16.50966324,0,312,0.394230769,0.394230769,5,1
80206,80206_4,6,27.61428624,-16.50966324,0,350,0.208571429,0.208571429,19,0.789473684
80206,80206_5,1,27.60332969,-16.49025166,0.022796353,1040,0.4625,0.4625,110,0.459459459
80206,80206_5,2,27.60332969,-16.49025166,0.006811989,930,0.409677419,0.409677419,44,0.522727273
80206,80206_5,3,27.60332969,-16.49025166,0.004043127,992,0.429435484,0.429435484,9,0.666666667
80206,80206_5,4,27.60332969,-16.49025166,0.010752688,819,0.374847375,0.374847375,70,0.657142857
80206,80206_5,5,27.60332969,-16.49025166,0.003159558,822,0.362530414,0.362530414,33,0.818181818
80206,80206_5,6,27.60332969,-16.49025166,0.00330033,845,0.234319527,0.234319527,39,0.692307692
80206,80206_6,1,27.65295632,-16.51780488,0.03960396,130,0.607692308,0.607692308,12,0.416666667
80206,80206_6,2,27.65295632,-16.51780488,0.0125,102,0.539215686,0.539215686,5,0.8
80206,80206_6,3,27.65295632,-16.51780488,0,127,0.385826772,0.385826772,0,-1000
80206,80206_6,4,27.65295632,-16.51780488,0.02,121,0.363636364,0.363636364,11,0.727272727
80206,80206_6,5,27.65295632,-16.51780488,0,134,0.126865672,0.126865672,3,1
80206,80206_6,6,27.65295632,-16.51780488,0,124,0.241935484,0.241935484,4,0.5
80206,80206_7,1,27.69047963,-16.52493696,0.012244898,313,0.476038339,0.476038339,34,0.264705882
80206,80206_7,2,27.69047963,-16.52493696,0.003676471,308,0.457792208,0.457792208,34,0.264705882
80206,80206_7,3,27.69047963,-16.52493696,0,264,0.435606061,0.435606061,5,0.6
80206,80206_7,4,27.69047963,-16.52493696,0,234,0.478632479,0.478632479,10,0.8
80206,80206_7,5,27.69047963,-16.52493696,0.009345794,237,0.41350211,0.41350211,11,0.727272727
80206,80206_7,6,27.69047963,-16.52493696,0,270,0.211111111,0.211111111,8,0.5
80206,80206_8,1,27.61611411,-16.48577386,0.013605442,190,0.605263158,0.605263158,25,0.6
80206,80206_8,2,27.61611411,-16.48577386,0.007462687,160,0.54375,0.54375,22,0.681818182
80206,80206_8,3,27.61611411,-16.48577386,0,137,0.547445255,0.547445255,7,0.714285714
80206,80206_8,4,27.61611411,-16.48577386,0.007246377,155,0.470967742,0.470967742,15,0.8
80206,80206_8,5,27.61611411,-16.48577386,0,160,0.40625,0.40625,9,1
80206,80206_8,6,27.61611411,-16.48577386,0.014492754,163,0.098159509,0.098159509,6,0.833333333
80207,80207_1,1,27.76562872,-16.50709741,-1000,-1000,-1000,-1000,-1000,-1000
80207,80207_1,2,27.76562872,-16.50709741,0,133,0.180451128,0.180451128,21,0.19047619
80207,80207_1,3,27.76562872,-16.50709741,0,113,0.115044248,0.115044248,0,-1000
80207,80207_1,4,27.76562872,-16.50709741,0.024590164,151,0.490066225,0.490066225,12,0.384615385
80207,80207_1,5,27.76562872,-16.50709741,0,163,0.306748466,0.306748466,1,0
80207,80207_1,6,27.76562872,-16.50709741,0,102,0.245098039,0.245098039,0,-1000
80207,80207_10,1,27.85566208,-16.52208842,0.01320132,319,0.4169279,0.4169279,74,0.175675676
80207,80207_10,2,27.85566208,-16.52208842,0,157,0.140127389,0.140127389,20,0.05
80207,80207_10,3,27.85566208,-16.52208842,0.010169492,323,0.089783282,0.089783282,19,0.105263158
80207,80207_10,4,27.85566208,-16.52208842,0.007194245,309,0.310679612,0.310679612,20,0.25
80207,80207_10,5,27.85566208,-16.52208842,0.003436426,364,0.241758242,0.241758242,8,0.375
80207,80207_10,6,27.85566208,-16.52208842,0.005050505,238,0.054621849,0.054621849,1,1
80207,80207_11,1,27.80722743,-16.55711914,0,119,0.319327731,0.319327731,29,0.275862069
80207,80207_11,2,27.80722743,-16.55711914,0,150,0.193333333,0.193333333,15,0.266666667
80207,80207_11,3,27.80722743,-16.55711914,0.020618557,106,0.075471698,0.075471698,1,0
80207,80207_11,4,27.80722743,-16.55711914,0.023952096,178,0.303370787,0.303370787,4,0
80207,80207_11,5,27.80722743,-16.55711914,0,207,0.236714976,0.236714976,6,0.333333333
80207,80207_11,6,27.80722743,-16.55711914,0,107,0.037383178,0.037383178,0,-1000
80207,80207_2,1,27.75971678,-16.58917173,0.032941176,450,0.475555556,0.475555556,111,0.558558559
80207,80207_2,2,27.75971678,-16.58917173,0,435,0.275862069,0.275862069,60,0.55
80207,80207_2,3,27.75971678,-16.58917173,0.004987531,427,0.110070258,0.110070258,4,0.5
80207,80207_2,4,27.75971678,-16.58917173,0.034632035,517,0.247582205,0.247582205,78,0.487179487
80207,80207_2,5,27.75971678,-16.58917173,0.006302521,605,0.140495868,0.140495868,9,0.333333333
80207,80207_2,6,27.75971678,-16.58917173,0.003322259,430,0.165116279,0.165116279,13,0.384615385
80207,80207_3,1,27.739422,-16.59727511,0.034042553,251,0.509960159,0.509960159,84,0.369047619
80207,80207_3,2,27.739422,-16.59727511,0.003861004,279,0.279569892,0.279569892,33,0.363636364
80207,80207_3,3,27.739422,-16.59727511,0.003891051,278,0.136690647,0.136690647,36,0.25
80207,80207_3,4,27.739422,-16.59727511,0.020887728,417,0.3117506,0.3117506,41,0.43902439
80207,80207_3,5,27.739422,-16.59727511,0.003367003,392,0.306122449,0.306122449,7,0
80207,80207_3,6,27.739422,-16.59727511,0,356,0.20505618,0.20505618,3,0.333333333
80207,80207_4,1,27.83248643,-16.5414635,0.012658228,82,0.451219512,0.451219512,18,0.111111111
80207,80207_4,2,27.83248643,-16.5414635,0.009009009,114,0.192982456,0.192982456,11,0.090909091
80207,80207_4,3,27.83248643,-16.5414635,0,123,0,0,2,0.5
80207,80207_4,4,27.83248643,-16.5414635,0,159,0.440251572,0.440251572,11,0.181818182
80207,80207_4,5,27.83248643,-16.5414635,0,136,0.154411765,0.154411765,7,0
80207,80207_4,6,27.83248643,-16.5414635,0,98,0.030612245,0.030612245,1,0
80207,80207_5,1,27.83318594,-16.46815103,0,217,0.138248848,0.138248848,47,0.170212766
80207,80207_5,2,27.83318594,-16.46815103,0.006896552,150,0.26,0.26,26,0.153846154
80207,80207_5,3,27.83318594,-16.46815103,0.004545455,242,0.095041322,0.095041322,24,0
80207,80207_5,4,27.83318594,-16.46815103,0,230,0.4,0.4,16,0.125
80207,80207_5,5,27.83318594,-16.46815103,0,259,0.258687259,0.258687259,9,0.222222222
80207,80207_5,6,27.83318594,-16.46815103,0,162,0.067901235,0.067901235,1,0
80207,80207_6,1,27.78126913,-16.57059653,0.005649718,203,0.640394089,0.640394089,62,0.467741935
80207,80207_6,2,27.78126913,-16.57059653,0.004878049,219,0.269406393,0.269406393,17,0.411764706
80207,80207_6,3,27.78126913,-16.57059653,0.004545455,241,0.124481328,0.124481328,1,0
80207,80207_6,4,27.78126913,-16.57059653,0,346,0.465317919,0.465317919,28,0.379310345
80207,80207_6,5,27.78126913,-16.57059653,0,388,0.278350515,0.278350515,10,0.2
80207,80207_6,6,27.78126913,-16.57059653,0.005263158,239,0.150627615,0.150627615,1,1
80207,80207_7,1,27.75501445,-16.55026045,0.004237288,254,0.5,0.5,61,0.344262295
80207,80207_7,2,27.75501445,-16.55026045,0,227,0.233480176,0.233480176,28,0.357142857
80207,80207_7,3,27.75501445,-16.55026045,0.004405286,238,0.075630252,0.075630252,0,-1000
80207,80207_7,4,27.75501445,-16.55026045,0.012987013,256,0.43359375,0.43359375,24,0.5
80207,80207_7,5,27.75501445,-16.55026045,0.004273504,275,0.370909091,0.370909091,8,0.5
80207,80207_7,6,27.75501445,-16.55026045,0,192,0.098958333,0.098958333,0,-1000
80207,80207_8,1,27.68867391,-16.59509675,0.02,115,0.339130435,0.339130435,53,0.113207547
80207,80207_8,2,27.68867391,-16.59509675,0.012765957,254,0.38976378,0.38976378,29,0.103448276
80207,80207_8,3,27.68867391,-16.59509675,0,192,0.046875,0.046875,1,0
80207,80207_8,4,27.68867391,-16.59509675,0.00896861,254,0.322834646,0.322834646,23,0.260869565
80207,80207_8,5,27.68867391,-16.59509675,0,296,0.14527027,0.14527027,5,0.4
80207,80207_8,6,27.68867391,-16.59509675,0.005102041,246,0.158536585,0.158536585,4,0
80207,80207_9,1,27.89319605,-16.50959319,0.03652968,228,0.429824561,0.429824561,52,0.173076923
80207,80207_9,2,27.89319605,-16.50959319,0.008547009,240,0.275,0.275,34,0.235294118
80207,80207_9,3,27.89319605,-16.50959319,0.004524887,231,0.043290043,0.043290043,21,0.238095238
80207,80207_9,4,27.89319605,-16.50959319,0.004016064,266,0.417293233,0.417293233,20,0.35
80207,80207_9,5,27.89319605,-16.50959319,0.004975124,243,0.345679012,0.345679012,5,0.2
80207,80207_9,6,27.89319605,-16.50959319,0.026666667,180,0.038888889,0.038888889,0,-1000
80208,80208_1,1,28.2248562,-16.58773803,-1000,-1000,-1000,-1000,-1000,-1000
80208,80208_1,2,28.2248562,-16.58773803,0.413489736,382,0.070680628,0.070680628,6,0.166666667
80208,80208_1,3,28.2248562,-16.58773803,0.284188034,487,0.145790554,0.145790554,20,0.142857143
80208,80208_1,4,28.2248562,-16.58773803,0.583106267,395,0.248101266,0.248101266,59,0.372881356
80208,80208_1,5,28.2248562,-16.58773803,0.362694301,401,0.119700748,0.119700748,12,0.166666667
80208,80208_1,6,28.2248562,-16.58773803,0.245478036,396,0.146464646,0.146464646,32,0
80208,80208_10,1,28.20052487,-16.62675283,-1000,-1000,-1000,-1000,-1000,-1000
80208,80208_10,2,28.20052487,-16.62675283,0.279904306,461,0.171366594,0.171366594,13,0.153846154
80208,80208_10,3,28.20052487,-16.62675283,0.227722772,430,0.211627907,0.211627907,33,0.03030303
80208,80208_10,4,28.20052487,-16.62675283,0.445134576,498,0.226907631,0.226907631,47,0.127659574
80208,80208_10,5,28.20052487,-16.62675283,0.274611399,396,0.083333333,0.083333333,42,0.023809524
80208,80208_10,6,28.20052487,-16.62675283,0.206208426,455,0.167032967,0.167032967,5,0
80208,80208_2,1,28.0228442,-16.57985925,0.100529101,198,0.338383838,0.338383838,4,0.75
80208,80208_2,2,28.0228442,-16.57985925,0.042889391,507,0.291913215,0.291913215,15,0.4
80208,80208_2,3,28.0228442,-16.57985925,0.026041667,416,0.204326923,0.204326923,16,0.4375
80208,80208_2,4,28.0228442,-16.57985925,0.212399541,903,0.356589147,0.356589147,66,0.636363636
80208,80208_2,5,28.0228442,-16.57985925,0.055393586,702,0.247863248,0.247863248,18,0.111111111
80208,80208_2,6,28.0228442,-16.57985925,0.047761194,686,0.183673469,0.183673469,19,0.052631579
80208,80208_3,1,28.06960297,-16.56722458,0.224299065,108,0.12962963,0.12962963,0,-1000
80208,80208_3,2,28.06960297,-16.56722458,0.145238095,464,0.168103448,0.168103448,2,0
80208,80208_3,3,28.06960297,-16.56722458,0.101156069,358,0.053072626,0.053072626,2,0
80208,80208_3,4,28.06960297,-16.56722458,0.245901639,504,0.253968254,0.253968254,50,0.22
80208,80208_3,5,28.06960297,-16.56722458,0.069364162,355,0.174647887,0.174647887,2,0.333333333
80208,80208_3,6,28.06960297,-16.56722458,0.027863777,331,0.15407855,0.15407855,20,0.1
80208,80208_4,1,28.20722007,-16.51814278,0.438596491,58,0.137931034,0.137931034,0,-1000
80208,80208_4,2,28.20722007,-16.51814278,0.237458194,351,0.165242165,0.165242165,27,0.037037037
80208,80208_4,3,28.20722007,-16.51814278,0.14159292,357,0.224089636,0.224089636,38,0.026315789
80208,80208_4,4,28.20722007,-16.51814278,0.428571429,341,0.211143695,0.211143695,50,0.08
80208,80208_4,5,28.20722007,-16.51814278,0.207865169,371,0.30458221,0.30458221,20,0.05
80208,80208_4,6,28.20722007,-16.51814278,0.153125,322,0.192546584,0.192546584,5,0
80208,80208_5,1,27.99047053,-16.59313342,-1000,-1000,-1000,-1000,-1000,-1000
80208,80208_5,2,27.99047053,-16.59313342,0,70,0.057142857,0.057142857,0,-1000
80208,80208_5,3,27.99047053,-16.59313342,0.098484848,287,0.142857143,0.142857143,7,0.428571429
80208,80208_5,4,27.99047053,-16.59313342,0.143382353,286,0.286713287,0.286713287,20,0.2
80208,80208_5,5,27.99047053,-16.59313342,0.028436019,217,0.216589862,0.216589862,4,0
80208,80208_5,6,27.99047053,-16.59313342,0.016216216,187,0.176470588,0.176470588,0,-1000
80208,80208_6,1,28.07432507,-16.6262958,0.609756098,129,0.201550388,0.201550388,0,-1000
80208,80208_6,2,28.07432507,-16.6262958,0.266129032,541,0.231053604,0.231053604,7,0
80208,80208_6,3,28.07432507,-16.6262958,0.117834395,327,0.134556575,0.134556575,14,0
80208,80208_6,4,28.07432507,-16.6262958,0.518672199,497,0.352112676,0.352112676,61,0.131147541
80208,80208_6,5,28.07432507,-16.6262958,0.25,395,0.253164557,0.253164557,19,0
80208,80208_6,6,28.07432507,-16.6262958,0.079575597,379,0.26121372,0.26121372,2,0
80208,80208_7,1,28.13853915,-16.65672389,0.658536585,123,0.138211382,0.138211382,0,-1000
80208,80208_7,2,28.13853915,-16.65672389,0.462140992,429,0.062937063,0.062937063,4,0.5
80208,80208_7,3,28.13853915,-16.65672389,0.345008757,604,0.198675497,0.198675497,43,0.023255814
80208,80208_7,4,28.13853915,-16.65672389,0.593567251,727,0.261348006,0.261348006,67,0.149253731
80208,80208_7,5,28.13853915,-16.65672389,0.443740095,644,0.173913043,0.173913043,26,0.115384615
80208,80208_7,6,28.13853915,-16.65672389,0.372274143,655,0.132824427,0.132824427,21,0.047619048
80208,80208_8,1,28.05358538,-16.6802389,0.695121951,82,0.036585366,0.036585366,0,-1000
80208,80208_8,2,28.05358538,-16.6802389,0.30733945,240,0.1375,0.1375,2,0.5
80208,80208_8,3,28.05358538,-16.6802389,0.265700483,220,0.190909091,0.190909091,0,-1000
80208,80208_8,4,28.05358538,-16.6802389,0.617977528,371,0.245283019,0.245283019,30,0.1
80208,80208_8,5,28.05358538,-16.6802389,0.284172662,282,0.258865248,0.258865248,15,0.066666667
80208,80208_8,6,28.05358538,-16.6802389,0.22983871,250,0.136,0.136,10,0
80208,80208_9,1,28.2810961,-16.58548935,0.611111111,36,0.027777778,0.027777778,0,-1000
80208,80208_9,2,28.2810961,-16.58548935,0.43236715,454,0.165198238,0.165198238,7,0
80208,80208_9,3,28.2810961,-16.58548935,0.281938326,477,0.251572327,0.251572327,38,0.026315789
80208,80208_9,4,28.2810961,-16.58548935,0.43412527,505,0.291089109,0.291089109,90,0.377777778
80208,80208_9,5,28.2810961,-16.58548935,0.263858093,465,0.176344086,0.176344086,40,0.05
80208,80208_9,6,28.2810961,-16.58548935,0.227941176,563,0.186500888,0.186500888,32,0.03125
80209,80209_1,1,27.77483281,-16.63769486,0.184393064,1999,0.506253127,0.506253127,268,0.320895522
80209,80209_1,2,27.77483281,-16.63769486,0.055862492,1842,0.427795874,0.427795874,121,0.355371901
80209,80209_1,3,27.77483281,-16.63769486,0.044165758,2360,0.38940678,0.38940678,58,0.310344828
80209,80209_1,4,27.77483281,-16.63769486,0.069695084,1796,0.444320713,0.444320713,46,0.239130435
80209,80209_1,5,27.77483281,-16.63769486,0.009649123,1474,0.413161465,0.413161465,13,0.461538462
80209,80209_1,6,27.77483281,-16.63769486,0.010486891,1621,0.411474399,0.411474399,20,0.380952381
80209,80209_2,1,27.75452459,-16.71576039,0.43062201,923,0.422535211,0.422535211,205,0.185365854
80209,80209_2,2,27.75452459,-16.71576039,0.185360094,922,0.301518438,0.301518438,77,0.116883117
80209,80209_2,3,27.75452459,-16.71576039,0.121333333,864,0.265046296,0.265046296,26,0.115384615
80209,80209_2,4,27.75452459,-16.71576039,0.423303835,763,0.545216252,0.545216252,55,0.127272727
80209,80209_2,5,27.75452459,-16.71576039,0.106180666,789,0.307984791,0.307984791,8,0.375
80209,80209_2,6,27.75452459,-16.71576039,0.055016181,700,0.382857143,0.382857143,10,0.3
80209,80209_3,1,27.87296427,-16.59904208,0.27312296,1010,0.487128713,0.487128713,299,0.18729097
80209,80209_3,2,27.87296427,-16.59904208,0.083762887,843,0.314353499,0.314353499,65,0.138461538
80209,80209_3,3,27.87296427,-16.59904208,0.046460177,1064,0.421992481,0.421992481,63,0.158730159
80209,80209_3,4,27.87296427,-16.59904208,0.123123123,761,0.580814717,0.580814717,118,0.161016949
80209,80209_3,5,27.87296427,-16.59904208,0.05,720,0.405555556,0.405555556,15,0.266666667
80209,80209_3,6,27.87296427,-16.59904208,0.034031414,918,0.515250545,0.515250545,23,0.47826087
80209,80209_4,1,27.80795899,-16.64352892,0.138173302,971,0.304840371,0.304840371,174,0.333333333
80209,80209_4,2,27.80795899,-16.64352892,0.069974555,894,0.39261745,0.39261745,35,0.2
80209,80209_4,3,27.80795899,-16.64352892,0.020802377,855,0.307602339,0.307602339,19,0.157894737
80209,80209_4,4,27.80795899,-16.64352892,0.042553191,732,0.419398907,0.419398907,22,0.318181818
80209,80209_4,5,27.80795899,-16.64352892,0.021052632,823,0.413122722,0.413122722,6,0.166666667
80209,80209_4,6,27.80795899,-16.64352892,0.01453958,701,0.356633381,0.356633381,15,0.266666667
80209,80209_5,1,27.90738449,-16.55619427,0.094573643,725,0.474482759,0.474482759,123,0.154471545
80209,80209_5,2,27.90738449,-16.55619427,0.032646048,649,0.338983051,0.338983051,56,0.071428571
80209,80209_5,3,27.90738449,-16.55619427,0.024856597,613,0.344208809,0.344208809,28,0.035714286
80209,80209_5,4,27.90738449,-16.55619427,0.038461538,589,0.619694397,0.619694397,36,0.111111111
80209,80209_5,5,27.90738449,-16.55619427,0.003289474,379,0.522427441,0.522427441,11,0.090909091
80209,80209_5,6,27.90738449,-16.55619427,0.006185567,592,0.418918919,0.418918919,10,0.3
80209,80209_6,1,27.90634718,-16.59796412,0.598739496,539,0.432282004,0.432282004,252,0.376984127
80209,80209_6,2,27.90634718,-16.59796412,0.18879668,517,0.313346228,0.313346228,71,0.070422535
80209,80209_6,3,27.90634718,-16.59796412,0.090909091,578,0.342560554,0.342560554,13,0.076923077
80209,80209_6,4,27.90634718,-16.59796412,0.317241379,533,0.544090056,0.544090056,103,0.145631068
80209,80209_6,5,27.90634718,-16.59796412,0.07421875,302,0.450331126,0.450331126,19,0.157894737
80209,80209_6,6,27.90634718,-16.59796412,0.026607539,512,0.314453125,0.314453125,33,0.575757576
80209,80209_7,1,27.81880483,-16.6000462,0.112676056,555,0.333333333,0.333333333,81,0.098765432
80209,80209_7,2,27.81880483,-16.6000462,0.01965602,453,0.251655629,0.251655629,30,0.066666667
80209,80209_7,3,27.81880483,-16.6000462,0.011961722,492,0.292682927,0.292682927,8,0
80209,80209_7,4,27.81880483,-16.6000462,0.021052632,432,0.439814815,0.439814815,12,0.5
80209,80209_7,5,27.81880483,-16.6000462,0.007712082,492,0.386178862,0.386178862,4,0
80209,80209_7,6,27.81880483,-16.6000462,0.007389163,498,0.359437751,0.359437751,12,0.25
80209,80209_8,1,27.71013896,-16.75960539,0.5951417,810,0.282716049,0.282716049,227,0.110132159
80209,80209_8,2,27.71013896,-16.75960539,0.320493066,698,0.153295129,0.153295129,70,0.1
80209,80209_8,3,27.71013896,-16.75960539,0.271099744,876,0.325342466,0.325342466,33,0.151515152
80209,80209_8,4,27.71013896,-16.75960539,0.475728155,685,0.375182482,0.375182482,79,0.101265823
80209,80209_8,5,27.71013896,-16.75960539,0.164852255,782,0.262148338,0.262148338,9,0.111111111
80209,80209_8,6,27.71013896,-16.75960539,0.101156069,794,0.25440806,0.25440806,19,0.052631579
80209,80209_9,1,27.72028117,-16.64317187,0.137802607,595,0.472268908,0.472268908,117,0.162393162
80209,80209_9,2,27.72028117,-16.64317187,0.043333333,660,0.321212121,0.321212121,35,0.2
80209,80209_9,3,27.72028117,-16.64317187,0.03348554,789,0.264892269,0.264892269,16,0.0625
80209,80209_9,4,27.72028117,-16.64317187,0.033568905,638,0.36677116,0.36677116,23,0.47826087
80209,80209_9,5,27.72028117,-16.64317187,0.020109689,656,0.426829268,0.426829268,0,-1000
80209,80209_9,6,27.72028117,-16.64317187,0.01433121,695,0.345323741,0.345323741,19,0.105263158
80210,80210_1,1,28.12043432,-16.4946933,0.06557377,73,0.136986301,0.136986301,22,0.227272727
80210,80210_1,2,28.12043432,-16.4946933,0.026717557,268,0.317164179,0.317164179,15,0.266666667
80210,80210_1,3,28.12043432,-16.4946933,0.023809524,296,0.199324324,0.199324324,3,0.333333333
80210,80210_1,4,28.12043432,-16.4946933,0.056603774,322,0.375776398,0.375776398,9,0.333333333
80210,80210_1,5,28.12043432,-16.4946933,0.013157895,229,0.475982533,0.475982533,2,0.5
80210,80210_1,6,28.12043432,-16.4946933,0.024539877,327,0.180428135,0.180428135,3,1
80210,80210_10,1,28.06253763,-16.46893358,0.039215686,58,0.068965517,0.068965517,10,0.4
80210,80210_10,2,28.06253763,-16.46893358,0.02994012,194,0.329896907,0.329896907,21,0.619047619
80210,80210_10,3,28.06253763,-16.46893358,0.008695652,121,0.123966942,0.123966942,2,0
80210,80210_10,4,28.06253763,-16.46893358,0.071428571,239,0.556485356,0.556485356,4,0.5
80210,80210_10,5,28.06253763,-16.46893358,0.029166667,240,0.520833333,0.520833333,4,0.25
80210,80210_10,6,28.06253763,-16.46893358,0.008230453,252,0.317460317,0.317460317,6,0.5
80210,80210_11,1,28.11598243,-16.4549974,0.048076923,126,0.103174603,0.103174603,18,0.333333333
80210,80210_11,2,28.11598243,-16.4549974,0.025157233,333,0.234234234,0.234234234,25,0.36
80210,80210_11,3,28.11598243,-16.4549974,0.01897019,378,0.153439153,0.153439153,22,0.318181818
80210,80210_11,4,28.11598243,-16.4549974,0.060747664,433,0.325635104,0.325635104,22,0.409090909
80210,80210_11,5,28.11598243,-16.4549974,0.012376238,406,0.472906404,0.472906404,3,0
80210,80210_11,6,28.11598243,-16.4549974,0.009029345,448,0.258928571,0.258928571,1,0
80210,80210_12,1,28.11883272,-16.53546019,0.103448276,34,0,0,10,0.1
80210,80210_12,2,28.11883272,-16.53546019,0.086666667,153,0.300653595,0.300653595,7,0.142857143
80210,80210_12,3,28.11883272,-16.53546019,0.030769231,131,0.183206107,0.183206107,4,0
80210,80210_12,4,28.11883272,-16.53546019,0.098591549,142,0.253521127,0.253521127,1,0
80210,80210_12,5,28.11883272,-16.53546019,0.018867925,159,0.056603774,0.056603774,0,-1000
80210,80210_12,6,28.11883272,-16.53546019,0.028901734,173,0,0,1,1
80210,80210_2,1,28.06655739,-16.50308005,0.094339623,60,0.2,0.2,9,0.111111111
80210,80210_2,2,28.06655739,-16.50308005,0.018716578,386,0.279792746,0.279792746,59,0.338983051
80210,80210_2,3,28.06655739,-16.50308005,0.023041475,223,0.174887892,0.174887892,9,0.333333333
80210,80210_2,4,28.06655739,-16.50308005,0.049707602,346,0.352601156,0.352601156,8,0.5
80210,80210_2,5,28.06655739,-16.50308005,0.008955224,335,0.355223881,0.355223881,4,0
80210,80210_2,6,28.06655739,-16.50308005,0.008,377,0.196286472,0.196286472,5,0.2
80210,80210_3,1,28.18589085,-16.41217131,0.515151515,36,0.305555556,0.305555556,16,0.4375
80210,80210_3,2,28.18589085,-16.41217131,0.282608696,47,0.234042553,0.234042553,3,0
80210,80210_3,3,28.18589085,-16.41217131,0.043478261,70,0.171428571,0.171428571,2,0
80210,80210_3,4,28.18589085,-16.41217131,0.175438596,57,0.49122807,0.49122807,4,0.5
80210,80210_3,5,28.18589085,-16.41217131,0.06557377,62,0.483870968,0.483870968,0,-1000
80210,80210_3,6,28.18589085,-16.41217131,0,39,0.384615385,0.384615385,1,0
80210,80210_4,1,28.05784468,-16.46957407,0.162790698,50,0.06,0.06,7,0.571428571
80210,80210_4,2,28.05784468,-16.46957407,0.020408163,166,0.240963855,0.240963855,14,0.285714286
80210,80210_4,3,28.05784468,-16.46957407,0.025641026,164,0.213414634,0.213414634,9,0.222222222
80210,80210_4,4,28.05784468,-16.46957407,0.034090909,176,0.346590909,0.346590909,3,0.333333333
80210,80210_4,5,28.05784468,-16.46957407,0.00990099,204,0.504901961,0.504901961,2,0
80210,80210_4,6,28.05784468,-16.46957407,0.007067138,287,0.18815331,0.18815331,1,0
80210,80210_5,1,28.08220325,-16.51739959,0.545454545,12,0,0,9,0.333333333
80210,80210_5,2,28.08220325,-16.51739959,0.078740157,130,0.246153846,0.246153846,8,0.625
80210,80210_5,3,28.08220325,-16.51739959,0.007518797,136,0.411764706,0.411764706,8,0
80210,80210_5,4,28.08220325,-16.51739959,0.06993007,143,0.286713287,0.286713287,4,0.25
80210,80210_5,5,28.08220325,-16.51739959,0.025423729,118,0.237288136,0.237288136,0,-1000
80210,80210_5,6,28.08220325,-16.51739959,0,124,0.112903226,0.112903226,2,0.5
80210,80210_6,1,28.09447845,-16.47522002,0.148648649,81,0.086419753,0.086419753,19,0.789473684
80210,80210_6,2,28.09447845,-16.47522002,0.017605634,302,0.135761589,0.135761589,26,0.615384615
80210,80210_6,3,28.09447845,-16.47522002,0.027777778,227,0.110132159,0.110132159,17,0.647058824
80210,80210_6,4,28.09447845,-16.47522002,0.08847185,391,0.283887468,0.283887468,31,0.53125
80210,80210_6,5,28.09447845,-16.47522002,0.013368984,378,0.328042328,0.328042328,2,0.5
80210,80210_6,6,28.09447845,-16.47522002,0.002717391,747,0.143239625,0.143239625,3,0
80210,80210_7,1,28.15229476,-16.43138314,0,7,0.571428571,0.571428571,2,0.5
80210,80210_7,2,28.15229476,-16.43138314,0.017857143,115,0.347826087,0.347826087,10,0.6
80210,80210_7,3,28.15229476,-16.43138314,0.03255814,222,0.153153153,0.153153153,5,0.4
80210,80210_7,4,28.15229476,-16.43138314,0.039473684,156,0.5,0.5,2,0
80210,80210_7,5,28.15229476,-16.43138314,0,145,0.351724138,0.351724138,1,0
80210,80210_7,6,28.15229476,-16.43138314,0.009090909,110,0.127272727,0.127272727,1,0
80210,80210_8,1,28.13453846,-16.44863467,0.056818182,98,0.418367347,0.418367347,20,0.7
80210,80210_8,2,28.13453846,-16.44863467,0.052785924,361,0.27700831,0.27700831,26,0.230769231
80210,80210_8,3,28.13453846,-16.44863467,0.02739726,298,0.214765101,0.214765101,4,0
80210,80210_8,4,28.13453846,-16.44863467,0.028490028,356,0.508426966,0.508426966,12,0.538461538
80210,80210_8,5,28.13453846,-16.44863467,0.00802139,380,0.660526316,0.660526316,1,0
80210,80210_8,6,28.13453846,-16.44863467,0.005235602,192,0.166666667,0.166666667,2,0.5
80210,80210_9,1,28.04274151,-16.47469831,0.073394495,120,0.2,0.2,31,0.516129032
80210,80210_9,2,28.04274151,-16.47469831,0.034920635,328,0.207317073,0.207317073,36,0.527777778
80210,80210_9,3,28.04274151,-16.47469831,0.008645533,351,0.165242165,0.165242165,11,0.181818182
80210,80210_9,4,28.04274151,-16.47469831,0.035714286,337,0.448071217,0.448071217,5,0.4
80210,80210_9,5,28.04274151,-16.47469831,0.015748031,255,0.141176471,0.141176471,0,-1000
80210,80210_9,6,28.04274151,-16.47469831,0.00660066,304,0.226973684,0.226973684,0,-1000
80211,80211_1,1,27.76342364,-16.79706917,0.517195767,889,0.412823397,0.412823397,179,0.106145251
80211,80211_1,2,27.76342364,-16.79706917,0.264802632,755,0.492715232,0.492715232,24,0.333333333
80211,80211_1,3,27.76342364,-16.79706917,0.209205021,871,0.37543054,0.37543054,37,0.27027027
80211,80211_1,4,27.76342364,-16.79706917,0.545731707,820,0.535365854,0.535365854,132,0.378787879
80211,80211_1,5,27.76342364,-16.79706917,0.302362205,771,0.60311284,0.60311284,45,0.111111111
80211,80211_1,6,27.76342364,-16.79706917,0.281428571,857,0.568261377,0.568261377,50,0.52
80211,80211_2,1,27.66939183,-16.87730142,0.536585366,460,0.469565217,0.469565217,155,0.109677419
80211,80211_2,2,27.66939183,-16.87730142,0.207977208,406,0.514778325,0.514778325,34,0.147058824
80211,80211_2,3,27.66939183,-16.87730142,0.110831234,455,0.441758242,0.441758242,31,0.064516129
80211,80211_2,4,27.66939183,-16.87730142,0.342995169,490,0.493877551,0.493877551,67,0.208955224
80211,80211_2,5,27.66939183,-16.87730142,0.134366925,449,0.561247216,0.561247216,19,0.263157895
80211,80211_2,6,27.66939183,-16.87730142,0.111716621,445,0.584269663,0.584269663,28,0.392857143
80211,80211_3,1,27.73423435,-16.909392,0.501113586,518,0.49034749,0.49034749,127,0.11023622
80211,80211_3,2,27.73423435,-16.909392,0.182692308,476,0.525210084,0.525210084,17,0.235294118
80211,80211_3,3,27.73423435,-16.909392,0.141104294,564,0.368794326,0.368794326,30,0.233333333
80211,80211_3,4,27.73423435,-16.909392,0.421487603,567,0.469135802,0.469135802,66,0.075757576
80211,80211_3,5,27.73423435,-16.909392,0.134042553,543,0.495395948,0.495395948,22,0.090909091
80211,80211_3,6,27.73423435,-16.909392,0.180803571,513,0.596491228,0.596491228,30,0.1
80211,80211_4,1,27.75805868,-16.83390348,0.435286935,1927,0.388687078,0.388687078,377,0.206896552
80211,80211_4,2,27.75805868,-16.83390348,0.193370166,1892,0.446088795,0.446088795,49,0.183673469
80211,80211_4,3,27.75805868,-16.83390348,0.165906499,2135,0.335831382,0.335831382,81,0.222222222
80211,80211_4,4,27.75805868,-16.83390348,0.453785901,2345,0.507036247,0.507036247,348,0.502873563
80211,80211_4,5,27.75805868,-16.83390348,0.211924439,2090,0.63923445,0.63923445,170,0.188235294
80211,80211_4,6,27.75805868,-16.83390348,0.25015753,1941,0.616692427,0.616692427,121,0.429752066
80211,80211_5,1,27.67967703,-16.82041529,0.433427762,400,0.635,0.635,134,0.246268657
80211,80211_5,2,27.67967703,-16.82041529,0.098684211,345,0.544927536,0.544927536,33,0.272727273
80211,80211_5,3,27.67967703,-16.82041529,0.0626703,408,0.490196078,0.490196078,31,0.258064516
80211,80211_5,4,27.67967703,-16.82041529,0.236666667,355,0.433802817,0.433802817,49,0.163265306
80211,80211_5,5,27.67967703,-16.82041529,0.081560284,327,0.581039755,0.581039755,20,0.05
80211,80211_5,6,27.67967703,-16.82041529,0.026936027,351,0.45014245,0.45014245,13,0.615384615
80211,80211_6,1,27.59032649,-16.82836907,0.362116992,395,0.486075949,0.486075949,200,0.305
80211,80211_6,2,27.59032649,-16.82836907,0.056537102,313,0.364217252,0.364217252,27,0.111111111
80211,80211_6,3,27.59032649,-16.82836907,0.05915493,416,0.201923077,0.201923077,14,0
80211,80211_6,4,27.59032649,-16.82836907,0.077419355,364,0.532967033,0.532967033,51,0.137254902
80211,80211_6,5,27.59032649,-16.82836907,0.044444444,288,0.423611111,0.423611111,18,0.111111111
80211,80211_6,6,27.59032649,-16.82836907,0.021645022,258,0.275193798,0.275193798,3,0
80418,80418_1,1,26.88945385,-17.63880032,0.042372881,604,0.07615894,0.07615894,39,0.358974359
80418,80418_1,2,26.88945385,-17.63880032,0.015789474,576,0.460069444,0.460069444,23,0.130434783
80418,80418_1,3,26.88945385,-17.63880032,0.004608295,444,0.682432432,0.682432432,6,0.166666667
80418,80418_1,4,26.88945385,-17.63880032,0.034993271,768,0.520833333,0.520833333,26,0.307692308
80418,80418_1,5,26.88945385,-17.63880032,0.021126761,580,0.503448276,0.503448276,10,0.3
80418,80418_1,6,26.88945385,-17.63880032,0.01171875,521,0.414587332,0.414587332,16,0.0625
80418,80418_2,1,26.57496767,-17.8088782,0.207317073,84,0.011904762,0.011904762,14,0
80418,80418_2,2,26.57496767,-17.8088782,0.128458498,513,0.709551657,0.709551657,33,0.181818182
80418,80418_2,3,26.57496767,-17.8088782,0.060606061,533,0.724202627,0.724202627,24,0.125
80418,80418_2,4,26.57496767,-17.8088782,0.058232932,506,0.47826087,0.47826087,13,0.153846154
80418,80418_2,5,26.57496767,-17.8088782,0.035885167,423,0.444444444,0.444444444,3,0
80418,80418_2,6,26.57496767,-17.8088782,0.041055718,343,0.454810496,0.454810496,11,0.090909091
80418,80418_3,1,26.79475071,-17.68571735,0.010526316,906,0.102649007,0.102649007,55,0.218181818
80418,80418_3,2,26.79475071,-17.68571735,0.011640212,955,0.584293194,0.584293194,34,0.205882353
80418,80418_3,3,26.79475071,-17.68571735,0.011600928,884,0.727375566,0.727375566,16,0.4375
80418,80418_3,4,26.79475071,-17.68571735,0.024084778,1070,0.542990654,0.542990654,22,0.181818182
80418,80418_3,5,26.79475071,-17.68571735,0.00397878,759,0.466403162,0.466403162,9,0.111111111
80418,80418_3,6,26.79475071,-17.68571735,0.016064257,755,0.478145695,0.478145695,10,0.2
80418,80418_4,1,26.73084146,-17.91673365,0.183588317,777,0.102960103,0.102960103,75,0.026666667
80418,80418_4,2,26.73084146,-17.91673365,0.117260788,1086,0.674953959,0.674953959,42,0.047619048
80418,80418_4,3,26.73084146,-17.91673365,0.041245791,1206,0.619402985,0.619402985,37,0.027027027
80418,80418_4,4,26.73084146,-17.91673365,0.094978166,935,0.539037433,0.539037433,9,0.111111111
80418,80418_4,5,26.73084146,-17.91673365,0.043704475,970,0.43814433,0.43814433,13,0.076923077
80418,80418_4,6,26.73084146,-17.91673365,0.054140127,955,0.411518325,0.411518325,13,0.153846154
80418,80418_5,1,26.8778133,-17.69933862,0.032298137,1704,0.11971831,0.11971831,169,0.378698225
80418,80418_5,2,26.8778133,-17.69933862,0.018858801,2107,0.503559563,0.503559563,61,0.262295082
80418,80418_5,3,26.8778133,-17.69933862,0.018199705,2065,0.504116223,0.504116223,46,0.195652174
80418,80418_5,4,26.8778133,-17.69933862,0.029689609,2280,0.453070175,0.453070175,46,0.255319149
80418,80418_5,5,26.8778133,-17.69933862,0.011739594,1906,0.443336831,0.443336831,18,0.388888889
80418,80418_5,6,26.8778133,-17.69933862,0.027346637,1377,0.338416848,0.338416848,26,0.269230769
80418,80418_6,1,26.76996861,-17.77517145,0.01179941,365,0.093150685,0.093150685,15,0.133333333
80418,80418_6,2,26.76996861,-17.77517145,0.024311183,622,0.794212219,0.794212219,31,0.096774194
80418,80418_6,3,26.76996861,-17.77517145,0.010869565,472,0.754237288,0.754237288,9,0.111111111
80418,80418_6,4,26.76996861,-17.77517145,0.011400651,625,0.648,0.648,11,0.454545455
80418,80418_6,5,26.76996861,-17.77517145,0.013565891,523,0.397705545,0.397705545,3,0.333333333
80418,80418_6,6,26.76996861,-17.77517145,0.00877193,580,0.624137931,0.624137931,11,0.181818182
80418,80418_7,1,26.71570951,-17.7133051,0.021840874,664,0.055722892,0.055722892,8,0.25
80418,80418_7,2,26.71570951,-17.7133051,0.010869565,1025,0.687804878,0.687804878,29,0.137931034
80418,80418_7,3,26.71570951,-17.7133051,0.005366726,1138,0.806678383,0.806678383,21,0.095238095
80418,80418_7,4,26.71570951,-17.7133051,0.011274935,1175,0.614468085,0.614468085,58,0.034482759
80418,80418_7,5,26.71570951,-17.7133051,0.013245033,917,0.54525627,0.54525627,6,0
80418,80418_7,6,26.71570951,-17.7133051,0.014317181,919,0.610446137,0.610446137,8,0.125
81003,81003_1,1,28.79059114,-16.15035935,0.025949954,1124,0.196619217,0.196619217,182,0.218579235
81003,81003_1,2,28.79059114,-16.15035935,0.008928571,1034,0.041586074,0.041586074,23,0.217391304
81003,81003_1,3,28.79059114,-16.15035935,0.006954103,737,0.029850746,0.029850746,2,0.5
81003,81003_1,4,28.79059114,-16.15035935,0.036798528,1110,0.026126126,0.026126126,20,0.1
81003,81003_1,5,28.79059114,-16.15035935,0.014840183,889,0.024746907,0.024746907,1,0
81003,81003_1,6,28.79059114,-16.15035935,0.003307607,928,0,0,0,-1000
81003,81003_10,1,28.84570441,-16.09952216,0.025799794,994,0.124748491,0.124748491,130,0.184615385
81003,81003_10,2,28.84570441,-16.09952216,0.008571429,718,0.061281337,0.061281337,29,0.103448276
81003,81003_10,3,28.84570441,-16.09952216,0.017080745,654,0.027522936,0.027522936,7,0
81003,81003_10,4,28.84570441,-16.09952216,0.045021645,1173,0.00511509,0.00511509,13,0.230769231
81003,81003_10,5,28.84570441,-16.09952216,0.015186916,867,0.001153403,0.001153403,0,-1000
81003,81003_10,6,28.84570441,-16.09952216,0.002197802,467,0,0,2,0
81003,81003_2,1,28.84149985,-16.14886247,0.024861878,751,0.142476698,0.142476698,51,0.156862745
81003,81003_2,2,28.84149985,-16.14886247,0.013685239,1034,0.02417795,0.02417795,25,0.2
81003,81003_2,3,28.84149985,-16.14886247,0.008553655,1293,0.025522042,0.025522042,20,0.2
81003,81003_2,4,28.84149985,-16.14886247,0.042176871,755,0.02781457,0.02781457,15,0.2
81003,81003_2,5,28.84149985,-16.14886247,0.014204545,709,0.046544429,0.046544429,4,0
81003,81003_2,6,28.84149985,-16.14886247,0.007506255,1206,0,0,3,0.333333333
81003,81003_3,1,28.76814759,-16.08576974,0.050520059,723,0.22406639,0.22406639,289,0.186851211
81003,81003_3,2,28.76814759,-16.08576974,0.017006803,594,0.087542088,0.087542088,6,0.333333333
81003,81003_3,3,28.76814759,-16.08576974,0.016967126,951,0.012618297,0.012618297,6,0
81003,81003_3,4,28.76814759,-16.08576974,0.035767511,675,0.013333333,0.013333333,8,0.25
81003,81003_3,5,28.76814759,-16.08576974,0.018094089,832,0,0,0,-1000
81003,81003_3,6,28.76814759,-16.08576974,0.018666667,379,0,0,0,-1000
81003,81003_4,1,28.84142357,-16.0764081,0.067477876,942,0.108280255,0.108280255,134,0.164179104
81003,81003_4,2,28.84142357,-16.0764081,0.029639175,788,0.064720812,0.064720812,61,0.114754098
81003,81003_4,3,28.84142357,-16.0764081,0.022695035,723,0.005532503,0.005532503,13,0.307692308
81003,81003_4,4,28.84142357,-16.0764081,0.029275809,672,0.029761905,0.029761905,11,0
81003,81003_4,5,28.84142357,-16.0764081,0.009380863,537,0.013035382,0.013035382,2,0
81003,81003_4,6,28.84142357,-16.0764081,0.003231018,628,0.055732484,0.055732484,0,-1000
81003,81003_5,1,28.81163881,-16.16125337,0.028492008,1489,0.075218267,0.075218267,223,0.197309417
81003,81003_5,2,28.81163881,-16.16125337,0.010416667,1176,0.022108844,0.022108844,17,0.176470588
81003,81003_5,3,28.81163881,-16.16125337,0.008650519,1771,0.005646527,0.005646527,14,0.071428571
81003,81003_5,4,28.81163881,-16.16125337,0.03848363,1759,0.017055145,0.017055145,19,0.052631579
81003,81003_5,5,28.81163881,-16.16125337,0.013309672,1144,0,0,3,0
81003,81003_5,6,28.81163881,-16.16125337,0.017241379,936,0.001068376,0.001068376,3,0.333333333
81003,81003_6,1,28.83877961,-16.12196178,0.026262626,508,0.080708661,0.080708661,70,0.128571429
81003,81003_6,2,28.83877961,-16.12196178,0.009404389,648,0.050925926,0.050925926,12,0.25
81003,81003_6,3,28.83877961,-16.12196178,0.011463845,1149,0.003481288,0.003481288,14,0.071428571
81003,81003_6,4,28.83877961,-16.12196178,0.019971469,716,0.004189944,0.004189944,8,0.25
81003,81003_6,5,28.83877961,-16.12196178,0.004249292,722,0.005540166,0.005540166,3,0
81003,81003_6,6,28.83877961,-16.12196178,0.003663004,831,0.004813478,0.004813478,6,0.333333333
81003,81003_7,1,28.81226587,-16.18106948,0.064814815,444,0.137387387,0.137387387,77,0.168831169
81003,81003_7,2,28.81226587,-16.18106948,0.011792453,437,0.034324943,0.034324943,8,0
81003,81003_7,3,28.81226587,-16.18106948,0.003067485,334,0.02994012,0.02994012,4,0
81003,81003_7,4,28.81226587,-16.18106948,0.046070461,373,0,0,6,0.166666667
81003,81003_7,5,28.81226587,-16.18106948,0.016233766,311,0.006430868,0.006430868,2,0
81003,81003_7,6,28.81226587,-16.18106948,0.010288066,487,0,0,0,-1000
81003,81003_8,1,28.84537039,-16.13697811,0.019077901,646,0.102167183,0.102167183,68,0.191176471
81003,81003_8,2,28.84537039,-16.13697811,0.015463918,601,0.029950083,0.029950083,8,0.25
81003,81003_8,3,28.84537039,-16.13697811,0.011261261,456,0,0,1,0
81003,81003_8,4,28.84537039,-16.13697811,0.056016598,489,0.034764826,0.034764826,8,0.125
81003,81003_8,5,28.84537039,-16.13697811,0.051724138,58,0.034482759,0.034482759,0,-1000
81003,81003_8,6,28.84537039,-16.13697811,0,342,0,0,0,-1000
81003,81003_9,1,28.77057343,-16.1261656,0.022130014,779,0.142490372,0.142490372,170,0.305882353
81003,81003_9,2,28.77057343,-16.1261656,0.017054264,653,0.068912711,0.068912711,13,0
81003,81003_9,3,28.77057343,-16.1261656,0.005763689,354,0.011299435,0.011299435,5,0
81003,81003_9,4,28.77057343,-16.1261656,0.028860029,708,0.035310734,0.035310734,27,0.037037037
81003,81003_9,5,28.77057343,-16.1261656,0.008,630,0.007936508,0.007936508,1,0
81003,81003_9,6,28.77057343,-16.1261656,0.006377551,792,0.001262626,0.001262626,0,-1000
81006,81006_1,1,28.85968379,-16.00291708,0.03539823,149,0.120805369,0.120805369,19,0.263157895
81006,81006_1,2,28.85968379,-16.00291708,0.010309278,127,0.307086614,0.307086614,5,0.4
81006,81006_1,3,28.85968379,-16.00291708,0,210,0.09047619,0.09047619,3,0.666666667
81006,81006_1,4,28.85968379,-16.00291708,0.01910828,216,0.226851852,0.226851852,2,0
81006,81006_1,5,28.85968379,-16.00291708,0.017699115,134,0.156716418,0.156716418,2,0.5
81006,81006_1,6,28.85968379,-16.00291708,0,63,0,0,0,-1000
81006,81006_2,1,28.87016976,-15.98777258,0.03785489,375,0.274666667,0.274666667,27,0.407407407
81006,81006_2,2,28.87016976,-15.98777258,0.015822785,402,0.293532338,0.293532338,7,0.428571429
81006,81006_2,3,28.87016976,-15.98777258,0.008849558,406,0.177339901,0.177339901,0,-1000
81006,81006_2,4,28.87016976,-15.98777258,0.019292605,394,0.317258883,0.317258883,2,0
81006,81006_2,5,28.87016976,-15.98777258,0.007968127,316,0.142405063,0.142405063,4,0.5
81006,81006_2,6,28.87016976,-15.98777258,0.010204082,115,0.034782609,0.034782609,0,-1000
81006,81006_3,1,28.8935909,-15.9482802,0.007936508,164,0.359756098,0.359756098,16,0.5
81006,81006_3,2,28.8935909,-15.9482802,0.020833333,163,0.300613497,0.300613497,1,0
81006,81006_3,3,28.8935909,-15.9482802,0,170,0.276470588,0.276470588,2,1
81006,81006_3,4,28.8935909,-15.9482802,0.050420168,141,0.319148936,0.319148936,1,1
81006,81006_3,5,28.8935909,-15.9482802,0,208,0.019230769,0.019230769,0,-1000
81006,81006_3,6,28.8935909,-15.9482802,0,61,0.032786885,0.032786885,0,-1000
81006,81006_4,1,28.85673115,-16.01236802,0.019230769,134,0.052238806,0.052238806,28,0.321428571
81006,81006_4,2,28.85673115,-16.01236802,0.022346369,227,0.281938326,0.281938326,7,0.285714286
81006,81006_4,3,28.85673115,-16.01236802,0.014423077,254,0.177165354,0.177165354,5,0.2
81006,81006_4,4,28.85673115,-16.01236802,0.036585366,252,0.424603175,0.424603175,8,0.125
81006,81006_4,5,28.85673115,-16.01236802,0,106,0.20754717,0.20754717,1,0
81006,81006_4,6,28.85673115,-16.01236802,0,58,0.017241379,0.017241379,0,-1000
81006,81006_5,1,28.89023144,-15.96125278,0.018306636,542,0.380073801,0.380073801,13,0.384615385
81006,81006_5,2,28.89023144,-15.96125278,0.037214886,942,0.317409766,0.317409766,5,0
81006,81006_5,3,28.89023144,-15.96125278,0.008547009,1068,0.221910112,0.221910112,46,0.630434783
81006,81006_5,4,28.89023144,-15.96125278,0.028378378,882,0.263038549,0.263038549,6,0.333333333
81006,81006_5,5,28.89023144,-15.96125278,0.005970149,395,0.106329114,0.106329114,1,1
81006,81006_5,6,28.89023144,-15.96125278,0,322,0.037267081,0.037267081,3,1
81006,81006_6,1,28.84472673,-15.95448831,0.052631579,167,0.335329341,0.335329341,55,0.327272727
81006,81006_6,2,28.84472673,-15.95448831,0.080508475,285,0.238596491,0.238596491,8,0.375
81006,81006_6,3,28.84472673,-15.95448831,0.021276596,289,0.138408304,0.138408304,3,1
81006,81006_6,4,28.84472673,-15.95448831,0.070833333,326,0.273006135,0.273006135,3,0
81006,81006_6,5,28.84472673,-15.95448831,0.028985507,162,0.018518519,0.018518519,0,-1000
81006,81006_6,6,28.84472673,-15.95448831,0,90,0.044444444,0.044444444,1,0
81006,81006_7,1,28.88330134,-15.96630557,0.01459854,504,0.216269841,0.216269841,11,0.636363636
81006,81006_7,2,28.88330134,-15.96630557,0.016172507,461,0.234273319,0.234273319,4,0.5
81006,81006_7,3,28.88330134,-15.96630557,0.002857143,419,0.286396181,0.286396181,19,0.631578947
81006,81006_7,4,28.88330134,-15.96630557,0.024937656,467,0.188436831,0.188436831,0,-1000
81006,81006_7,5,28.88330134,-15.96630557,0.003344482,338,0.041420118,0.041420118,3,0.333333333
81006,81006_7,6,28.88330134,-15.96630557,0,163,0.018404908,0.018404908,0,-1000
81006,81006_8,1,28.87363678,-15.94821565,0.057471264,204,0.230392157,0.230392157,17,0.470588235
81006,81006_8,2,28.87363678,-15.94821565,0.045226131,251,0.199203187,0.199203187,1,0
81006,81006_8,3,28.87363678,-15.94821565,0.017064846,357,0.168067227,0.168067227,4,0.25
81006,81006_8,4,28.87363678,-15.94821565,0.044198895,258,0.228682171,0.228682171,2,0
81006,81006_8,5,28.87363678,-15.94821565,0.035971223,155,0.04516129,0.04516129,0,-1000
81006,81006_8,6,28.87363678,-15.94821565,0.020833333,120,0,0,0,-1000
81006,81006_9,1,28.90428665,-15.9557053,0.046511628,58,0.344827586,0.344827586,0,-1000
81006,81006_9,2,28.90428665,-15.9557053,0.020833333,123,0.292682927,0.292682927,1,0
81006,81006_9,3,28.90428665,-15.9557053,0.009615385,134,0.305970149,0.305970149,8,0.375
81006,81006_9,4,28.90428665,-15.9557053,0.02970297,146,0.246575342,0.246575342,2,0
81006,81006_9,5,28.90428665,-15.9557053,0,106,0.08490566,0.08490566,2,1
81006,81006_9,6,28.90428665,-15.9557053,0,35,0,0,0,-1000
81008,81008_1,1,28.73654222,-16.13572908,0.012345679,181,0.298342541,0.298342541,50,0.34
81008,81008_1,2,28.73654222,-16.13572908,0.014184397,147,0.217687075,0.217687075,10,0.2
81008,81008_1,3,28.73654222,-16.13572908,0,124,0.193548387,0.193548387,2,0.5
81008,81008_1,4,28.73654222,-16.13572908,0,60,0.1,0.1,1,0
81008,81008_1,5,28.73654222,-16.13572908,0,52,0.076923077,0.076923077,1,0
81008,81008_1,6,28.73654222,-16.13572908,0,49,0,0,0,-1000
81008,81008_10,1,28.81042913,-16.2033529,0.046189376,467,0.336188437,0.336188437,44,0.25
81008,81008_10,2,28.81042913,-16.2033529,0.016806723,375,0.258666667,0.258666667,17,0.235294118
81008,81008_10,3,28.81042913,-16.2033529,0.014056225,520,0.155769231,0.155769231,32,0.21875
81008,81008_10,4,28.81042913,-16.2033529,0.071197411,328,0.362804878,0.362804878,28,0.285714286
81008,81008_10,5,28.81042913,-16.2033529,0.021696252,529,0.085066163,0.085066163,12,0.166666667
81008,81008_10,6,28.81042913,-16.2033529,0.011709602,441,0.06122449,0.06122449,8,0
81008,81008_11,1,28.72979463,-16.11322728,0.038235294,372,0.290322581,0.290322581,57,0.157894737
81008,81008_11,2,28.72979463,-16.11322728,0.018918919,383,0.292428198,0.292428198,30,0.133333333
81008,81008_11,3,28.72979463,-16.11322728,0,421,0.22327791,0.22327791,11,0.181818182
81008,81008_11,4,28.72979463,-16.11322728,0.003649635,281,0.153024911,0.153024911,7,0
81008,81008_11,5,28.72979463,-16.11322728,0.008695652,237,0.122362869,0.122362869,2,0
81008,81008_11,6,28.72979463,-16.11322728,0.014925373,209,0.138755981,0.138755981,0,-1000
81008,81008_2,1,28.79958618,-16.19059196,0.047713718,535,0.265420561,0.265420561,73,0.136986301
81008,81008_2,2,28.79958618,-16.19059196,0.023684211,401,0.157107232,0.157107232,26,0.192307692
81008,81008_2,3,28.79958618,-16.19059196,0.006263048,505,0.15049505,0.15049505,15,0.333333333
81008,81008_2,4,28.79958618,-16.19059196,0.032846715,281,0.295373665,0.295373665,11,0.272727273
81008,81008_2,5,28.79958618,-16.19059196,0.003649635,279,0.132616487,0.132616487,1,0
81008,81008_2,6,28.79958618,-16.19059196,0,268,0.067164179,0.067164179,0,-1000
81008,81008_3,1,28.7697239,-16.17899866,0.018538713,969,0.33126935,0.33126935,78,0.230769231
81008,81008_3,2,28.7697239,-16.17899866,0.005319149,797,0.215809285,0.215809285,44,0.431818182
81008,81008_3,3,28.7697239,-16.17899866,0.006756757,923,0.172264355,0.172264355,30,0.533333333
81008,81008_3,4,28.7697239,-16.17899866,0.025568182,362,0.168508287,0.168508287,10,0.2
81008,81008_3,5,28.7697239,-16.17899866,0.016786571,432,0.115740741,0.115740741,23,0.086956522
81008,81008_3,6,28.7697239,-16.17899866,0.002257336,457,0.061269147,0.061269147,5,0.6
81008,81008_4,1,28.828361,-16.22097918,0.03988604,373,0.35924933,0.35924933,18,0.333333333
81008,81008_4,2,28.828361,-16.22097918,0.018315018,288,0.267361111,0.267361111,7,0.571428571
81008,81008_4,3,28.828361,-16.22097918,0.047745358,395,0.172151899,0.172151899,15,0.266666667
81008,81008_4,4,28.828361,-16.22097918,0.03271028,236,0.309322034,0.309322034,6,0.166666667
81008,81008_4,5,28.828361,-16.22097918,0.038910506,263,0.091254753,0.091254753,7,0
81008,81008_4,6,28.828361,-16.22097918,0.024054983,296,0.084459459,0.084459459,2,0
81008,81008_5,1,28.7225723,-16.18659961,0.094444444,187,0.427807487,0.427807487,15,0.4
81008,81008_5,2,28.7225723,-16.18659961,0.089171975,163,0.319018405,0.319018405,6,0
81008,81008_5,3,28.7225723,-16.18659961,0.042857143,220,0.240909091,0.240909091,6,0.333333333
81008,81008_5,4,28.7225723,-16.18659961,0.046783626,177,0.186440678,0.186440678,4,0
81008,81008_5,5,28.7225723,-16.18659961,0.008547009,121,0.049586777,0.049586777,0,-1000
81008,81008_5,6,28.7225723,-16.18659961,0.00877193,114,0.131578947,0.131578947,1,0
81008,81008_6,1,28.65541866,-16.11965968,0.014150943,242,0.5,0.5,78,0.461538462
81008,81008_6,2,28.65541866,-16.11965968,0.008510638,251,0.35059761,0.35059761,11,0.181818182
81008,81008_6,3,28.65541866,-16.11965968,0.012396694,252,0.226190476,0.226190476,21,0.142857143
81008,81008_6,4,28.65541866,-16.11965968,0.018292683,164,0.219512195,0.219512195,1,0
81008,81008_6,5,28.65541866,-16.11965968,0.004651163,219,0.159817352,0.159817352,2,0
81008,81008_6,6,28.65541866,-16.11965968,0.031496063,131,0.091603053,0.091603053,0,-1000
81008,81008_7,1,28.69892725,-16.09263469,0.026941363,729,0.378600823,0.378600823,123,0.308943089
81008,81008_7,2,28.69892725,-16.09263469,0.015306122,619,0.34733441,0.34733441,45,0.311111111
81008,81008_7,3,28.69892725,-16.09263469,0.007102273,735,0.295238095,0.295238095,10,0.2
81008,81008_7,4,28.69892725,-16.09263469,0.029739777,552,0.177536232,0.177536232,12,0.083333333
81008,81008_7,5,28.69892725,-16.09263469,0.012542759,894,0.060402685,0.060402685,8,0
81008,81008_7,6,28.69892725,-16.09263469,0.009063444,1008,0.048611111,0.048611111,10,0
81008,81008_8,1,28.75184894,-16.17969654,0.031670625,1363,0.438738078,0.438738078,133,0.473684211
81008,81008_8,2,28.75184894,-16.17969654,0.014450867,727,0.368638239,0.368638239,4,1
81008,81008_8,3,28.75184894,-16.17969654,0.018538713,969,0.231166151,0.231166151,24,0.416666667
81008,81008_8,4,28.75184894,-16.17969654,0.035490605,967,0.194415719,0.194415719,20,0.35
81008,81008_8,5,28.75184894,-16.17969654,0.014417532,1759,0.080727686,0.080727686,37,0.162162162
81008,81008_8,6,28.75184894,-16.17969654,0.015827338,705,0.082269504,0.082269504,4,0.75
81008,81008_9,1,28.66750836,-16.06940018,0,94,0.244680851,0.244680851,31,0.064516129
81008,81008_9,2,28.66750836,-16.06940018,-1000,-1000,-1000,-1000,-1000,-1000
81008,81008_9,3,28.66750836,-16.06940018,0,106,0.273584906,0.273584906,1,1
81008,81008_9,4,28.66750836,-16.06940018,0.039473684,79,0.037974684,0.037974684,3,0
81008,81008_9,5,28.66750836,-16.06940018,0,50,0.1,0.1,1,0
81008,81008_9,6,28.66750836,-16.06940018,0.020408163,50,0.24,0.24,0,-1000
81012,81012_1,1,28.5068049,-16.05741809,0.148260212,690,0.214492754,0.214492754,168,0.24852071
81012,81012_1,2,28.5068049,-16.05741809,0.080645161,631,0.218700475,0.218700475,28,0.178571429
81012,81012_1,3,28.5068049,-16.05741809,0.037777778,460,0.117391304,0.117391304,10,1
81012,81012_1,4,28.5068049,-16.05741809,0.116710875,765,0.197385621,0.197385621,9,0
81012,81012_1,5,28.5068049,-16.05741809,0.029345372,451,0.301552106,0.301552106,3,0
81012,81012_1,6,28.5068049,-16.05741809,0.012820513,318,0.125786164,0.125786164,3,0.333333333
81012,81012_2,1,28.65136953,-16.0041125,0.15234375,1590,0.218238994,0.218238994,361,0.213296399
81012,81012_2,2,28.65136953,-16.0041125,0.06951567,1805,0.177285319,0.177285319,30,0.266666667
81012,81012_2,3,28.65136953,-16.0041125,0.04845815,1621,0.124614436,0.124614436,22,0.454545455
81012,81012_2,4,28.65136953,-16.0041125,0.136150235,1945,0.232390746,0.232390746,26,0.307692308
81012,81012_2,5,28.65136953,-16.0041125,0.051546392,1169,0.127459367,0.127459367,0,-1000
81012,81012_2,6,28.65136953,-16.0041125,0.019981835,1110,0.138738739,0.138738739,20,0.1
81012,81012_3,1,28.85157061,-16.02586572,0.010306059,3292,0.255467801,0.255467801,243,0.259259259
81012,81012_3,2,28.85157061,-16.02586572,0.009133489,4379,0.228591003,0.228591003,188,0.329787234
81012,81012_3,3,28.85157061,-16.02586572,0.008763838,2208,0.304347826,0.304347826,55,0.218181818
81012,81012_3,4,28.85157061,-16.02586572,0.009285426,2553,0.468860165,0.468860165,104,0.221153846
81012,81012_3,5,28.85157061,-16.02586572,0.006038086,2201,0.360745116,0.360745116,41,0.097560976
81012,81012_3,6,28.85157061,-16.02586572,0.006253553,1789,0.435438793,0.435438793,56,0.035714286
81012,81012_4,1,28.83848989,-16.03330535,0.018320611,3350,0.149552239,0.149552239,243,0.176954733
81012,81012_4,2,28.83848989,-16.03330535,0.012140575,3178,0.140969163,0.140969163,86,0.127906977
81012,81012_4,3,28.83848989,-16.03330535,0.006753497,2109,0.196301565,0.196301565,49,0.12244898
81012,81012_4,4,28.83848989,-16.03330535,0.019203747,2183,0.369216674,0.369216674,54,0.111111111
81012,81012_4,5,28.83848989,-16.03330535,0.013128112,2240,0.289285714,0.289285714,10,0.1
81012,81012_4,6,28.83848989,-16.03330535,0.010794897,1034,0.332688588,0.332688588,45,0.088888889
81012,81012_5,1,28.72820275,-15.96928047,0.155256724,826,0.161016949,0.161016949,177,0.163841808
81012,81012_5,2,28.72820275,-15.96928047,0.11741683,1040,0.161538462,0.161538462,61,0.196721311
81012,81012_5,3,28.72820275,-15.96928047,0.045142296,1030,0.132038835,0.132038835,9,0.777777778
81012,81012_5,4,28.72820275,-15.96928047,0.129194631,603,0.263681592,0.263681592,6,0
81012,81012_5,5,28.72820275,-15.96928047,0.048979592,740,0.277027027,0.277027027,8,0.125
81012,81012_5,6,28.72820275,-15.96928047,0.034340659,735,0.205442177,0.205442177,7,0
81102,81102_1,1,27.67519378,-16.97418601,0.473782772,548,0.395985401,0.395985401,104,0.240384615
81102,81102_1,2,27.67519378,-16.97418601,0.332784185,637,0.565149137,0.565149137,20,0.25
81102,81102_1,3,27.67519378,-16.97418601,0.242424242,450,0.646666667,0.646666667,8,0.375
81102,81102_1,4,27.67519378,-16.97418601,0.552102377,562,0.309608541,0.309608541,2,0
81102,81102_1,5,27.67519378,-16.97418601,0.406015038,271,0.453874539,0.453874539,3,0
81102,81102_1,6,27.67519378,-16.97418601,0.497005988,509,0.214145383,0.214145383,1,0
81102,81102_2,1,27.64997772,-17.03455526,0.575129534,417,0.275779376,0.275779376,229,0.270742358
81102,81102_2,2,27.64997772,-17.03455526,0.406698565,474,0.476793249,0.476793249,26,0.038461538
81102,81102_2,3,27.64997772,-17.03455526,0.276536313,404,0.371287129,0.371287129,4,0
81102,81102_2,4,27.64997772,-17.03455526,0.427251732,440,0.386363636,0.386363636,2,0.5
81102,81102_2,5,27.64997772,-17.03455526,0.504385965,234,0.286324786,0.286324786,0,-1000
81102,81102_2,6,27.64997772,-17.03455526,0.596153846,266,0.071428571,0.071428571,0,-1000
81102,81102_3,1,27.70826361,-16.98053669,0.311688312,476,0.357142857,0.357142857,100,0.39
81102,81102_3,2,27.70826361,-16.98053669,0.112016293,530,0.590566038,0.590566038,4,0.5
81102,81102_3,3,27.70826361,-16.98053669,0.082228117,407,0.594594595,0.594594595,7,0
81102,81102_3,4,27.70826361,-16.98053669,0.19612069,497,0.599597586,0.599597586,14,0.071428571
81102,81102_3,5,27.70826361,-16.98053669,0.244680851,380,0.197368421,0.197368421,0,-1000
81102,81102_3,6,27.70826361,-16.98053669,0.37962963,329,0.191489362,0.191489362,0,-1000
81102,81102_4,1,27.6416031,-17.01246193,0.6,411,0.265206813,0.265206813,92,0.402173913
81102,81102_4,2,27.6416031,-17.01246193,0.315294118,459,0.529411765,0.529411765,16,0.1875
81102,81102_4,3,27.6416031,-17.01246193,0.343891403,275,0.265454545,0.265454545,12,0.166666667
81102,81102_4,4,27.6416031,-17.01246193,0.474541752,497,0.3138833,0.3138833,2,0
81102,81102_4,5,27.6416031,-17.01246193,0.277602524,321,0.302180685,0.302180685,0,-1000
81102,81102_4,6,27.6416031,-17.01246193,0.531732419,588,0.051020408,0.051020408,0,-1000
81102,81102_5,1,27.62902661,-17.02642621,0.706896552,131,0.297709924,0.297709924,65,0.646153846
81102,81102_5,2,27.62902661,-17.02642621,0.36,83,0.34939759,0.34939759,6,0
81102,81102_5,3,27.62902661,-17.02642621,0.396226415,120,0.391666667,0.391666667,5,0.2
81102,81102_5,4,27.62902661,-17.02642621,0.633333333,92,0.423913043,0.423913043,2,0
81102,81102_5,5,27.62902661,-17.02642621,0.556701031,99,0.151515152,0.151515152,0,-1000
81102,81102_5,6,27.62902661,-17.02642621,0.441860465,88,0.238636364,0.238636364,0,-1000
81102,81102_6,1,27.66413335,-17.00422316,0.522222222,191,0.214659686,0.214659686,43,0.465116279
81102,81102_6,2,27.66413335,-17.00422316,0.284848485,172,0.720930233,0.720930233,6,0.166666667
81102,81102_6,3,27.66413335,-17.00422316,0.25,132,0.439393939,0.439393939,1,0
81102,81102_6,4,27.66413335,-17.00422316,0.44549763,214,0.308411215,0.308411215,2,0
81102,81102_6,5,27.66413335,-17.00422316,0.312820513,198,0.287878788,0.287878788,0,-1000
81102,81102_6,6,27.66413335,-17.00422316,0.429487179,158,0.113924051,0.113924051,0,-1000
81102,81102_7,1,27.66081454,-16.9771499,0.444444444,616,0.350649351,0.350649351,95,0.2
81102,81102_7,2,27.66081454,-16.9771499,0.26993865,708,0.514124294,0.514124294,58,0.482758621
81102,81102_7,3,27.66081454,-16.9771499,0.180505415,607,0.397034596,0.397034596,6,0
81102,81102_7,4,27.66081454,-16.9771499,0.497881356,976,0.227459016,0.227459016,3,0.666666667
81102,81102_7,5,27.66081454,-16.9771499,0.350128096,1186,0.118043845,0.118043845,8,0.375
81102,81102_7,6,27.66081454,-16.9771499,0.376811594,1118,0.063506261,0.063506261,0,-1000
81102,81102_8,1,27.70101761,-16.96523401,0.32,151,0.205298013,0.205298013,31,0.258064516
81102,81102_8,2,27.70101761,-16.96523401,0.2,131,0.580152672,0.580152672,4,0.25
81102,81102_8,3,27.70101761,-16.96523401,0.083333333,121,0.644628099,0.644628099,0,-1000
81102,81102_8,4,27.70101761,-16.96523401,0.35106383,197,0.497461929,0.497461929,5,0
81102,81102_8,5,27.70101761,-16.96523401,0.330645161,130,0.153846154,0.153846154,0,-1000
81102,81102_8,6,27.70101761,-16.96523401,0.422222222,140,0.057142857,0.057142857,0,-1000
81102,81102_9,1,27.68727838,-17.00817949,0.346938776,103,0.300970874,0.300970874,37,0.567567568
81102,81102_9,2,27.68727838,-17.00817949,0.21686747,89,0.483146067,0.483146067,0,-1000
81102,81102_9,3,27.68727838,-17.00817949,0.104347826,129,0.503875969,0.503875969,2,0
81102,81102_9,4,27.68727838,-17.00817949,0.226315789,194,0.422680412,0.422680412,2,0.5
81102,81102_9,5,27.68727838,-17.00817949,0.159292035,118,0.228813559,0.228813559,0,-1000
81102,81102_9,6,27.68727838,-17.00817949,0.312,125,0.072,0.072,0,-1000
81111,81111_1,1,27.50781777,-17.04933393,0.514792899,177,0.107344633,0.107344633,21,0.047619048
81111,81111_1,2,27.50781777,-17.04933393,0.301242236,331,0.187311178,0.187311178,34,0.441176471
81111,81111_1,3,27.50781777,-17.04933393,0.247252747,182,0.159340659,0.159340659,5,0
81111,81111_1,4,27.50781777,-17.04933393,0.175925926,216,0.180555556,0.180555556,11,0.272727273
81111,81111_1,5,27.50781777,-17.04933393,0.12195122,212,0.136792453,0.136792453,18,0.444444444
81111,81111_1,6,27.50781777,-17.04933393,-1000,-1000,-1000,-1000,-1000,-1000
81111,81111_10,1,27.50592135,-17.0668925,0.404569892,756,0.211640212,0.211640212,97,0.134020619
81111,81111_10,2,27.50592135,-17.0668925,0.169117647,551,0.317604356,0.317604356,59,0.186440678
81111,81111_10,3,27.50592135,-17.0668925,0.115207373,870,0.174712644,0.174712644,12,0.25
81111,81111_10,4,27.50592135,-17.0668925,0.164721141,776,0.212628866,0.212628866,48,0.270833333
81111,81111_10,5,27.50592135,-17.0668925,0.105691057,618,0.098705502,0.098705502,30,0.333333333
81111,81111_10,6,27.50592135,-17.0668925,-1000,-1000,-1000,-1000,-1000,-1000
81111,81111_11,1,27.57698247,-17.03968142,0.517316017,928,0.254310345,0.254310345,161,0.571428571
81111,81111_11,2,27.57698247,-17.03968142,0.312968917,942,0.220806794,0.220806794,63,0.047619048
81111,81111_11,3,27.57698247,-17.03968142,0.173017508,976,0.236680328,0.236680328,15,0.133333333
81111,81111_11,4,27.57698247,-17.03968142,0.285310734,1065,0.123943662,0.123943662,73,0.315068493
81111,81111_11,5,27.57698247,-17.03968142,0.198930481,935,0.121925134,0.121925134,20,0.5
81111,81111_11,6,27.57698247,-17.03968142,-1000,-1000,-1000,-1000,-1000,-1000
81111,81111_12,1,27.56777599,-17.09835973,0.604519774,357,0.347338936,0.347338936,117,0.256410256
81111,81111_12,2,27.56777599,-17.09835973,0.260638298,381,0.307086614,0.307086614,23,0.043478261
81111,81111_12,3,27.56777599,-17.09835973,0.218905473,405,0.22962963,0.22962963,9,0.222222222
81111,81111_12,4,27.56777599,-17.09835973,0.387096774,374,0.229946524,0.229946524,27,0.592592593
81111,81111_12,5,27.56777599,-17.09835973,0.232394366,427,0.081967213,0.081967213,22,0.454545455
81111,81111_12,6,27.56777599,-17.09835973,-1000,-1000,-1000,-1000,-1000,-1000
81111,81111_13,1,27.55984273,-17.05621341,0.545232274,834,0.357314149,0.357314149,220,0.481818182
81111,81111_13,2,27.55984273,-17.05621341,0.253835425,723,0.196403873,0.196403873,24,0.291666667
81111,81111_13,3,27.55984273,-17.05621341,0.156054931,811,0.262638718,0.262638718,32,0.15625
81111,81111_13,4,27.55984273,-17.05621341,0.321989529,772,0.24611399,0.24611399,122,0.491803279
81111,81111_13,5,27.55984273,-17.05621341,0.107373868,775,0.158709677,0.158709677,7,0.571428571
81111,81111_13,6,27.55984273,-17.05621341,-1000,-1000,-1000,-1000,-1000,-1000
81111,81111_2,1,27.53569873,-17.09487992,0.622073579,1207,0.218724109,0.218724109,159,0.471698113
81111,81111_2,2,27.53569873,-17.09487992,0.302197802,1282,0.2074883,0.2074883,39,0.102564103
81111,81111_2,3,27.53569873,-17.09487992,0.234968901,1454,0.219394773,0.219394773,9,0
81111,81111_2,4,27.53569873,-17.09487992,0.545704467,1463,0.15721121,0.15721121,129,0.434108527
81111,81111_2,5,27.53569873,-17.09487992,0.291857274,1096,0.121350365,0.121350365,47,0.489361702
81111,81111_2,6,27.53569873,-17.09487992,-1000,-1000,-1000,-1000,-1000,-1000
81111,81111_3,1,27.60297855,-17.03322532,0.549180328,861,0.211382114,0.211382114,201,0.554455446
81111,81111_3,2,27.60297855,-17.03322532,0.379247016,1115,0.200896861,0.200896861,68,0.176470588
81111,81111_3,3,27.60297855,-17.03322532,0.277507303,1031,0.218234724,0.218234724,19,0.157894737
81111,81111_3,4,27.60297855,-17.03322532,0.464761905,1058,0.151228733,0.151228733,96,0.4375
81111,81111_3,5,27.60297855,-17.03322532,0.30116649,947,0.082365364,0.082365364,25,0.56
81111,81111_3,6,27.60297855,-17.03322532,0.5,42,0.095238095,0.095238095,0,-1000
81111,81111_4,1,27.5803511,-17.05764702,0.442277691,1295,0.338223938,0.338223938,143,0.622377622
81111,81111_4,2,27.5803511,-17.05764702,0.237179487,1098,0.35428051,0.35428051,52,0.076923077
81111,81111_4,3,27.5803511,-17.05764702,0.1946533,1207,0.251864126,0.251864126,15,0.066666667
81111,81111_4,4,27.5803511,-17.05764702,0.321879383,1429,0.158852344,0.158852344,105,0.462962963
81111,81111_4,5,27.5803511,-17.05764702,0.224428997,1009,0.122893954,0.122893954,20,0.55
81111,81111_4,6,27.5803511,-17.05764702,-1000,-1000,-1000,-1000,-1000,-1000
81111,81111_5,1,27.5521133,-17.03882011,0.405839416,690,0.34057971,0.34057971,167,0.491017964
81111,81111_5,2,27.5521133,-17.03882011,0.159574468,663,0.286576169,0.286576169,31,0.225806452
81111,81111_5,3,27.5521133,-17.03882011,0.117957746,574,0.231707317,0.231707317,21,0.19047619
81111,81111_5,4,27.5521133,-17.03882011,0.219869707,617,0.176661264,0.176661264,107,0.411214953
81111,81111_5,5,27.5521133,-17.03882011,0.13452188,626,0.124600639,0.124600639,14,0.428571429
81111,81111_5,6,27.5521133,-17.03882011,-1000,-1000,-1000,-1000,-1000,-1000
81111,81111_6,1,27.6104138,-17.06660638,0.275720165,244,0.348360656,0.348360656,23,0.695652174
81111,81111_6,2,27.6104138,-17.06660638,0.100529101,189,0.328042328,0.328042328,14,0.071428571
81111,81111_6,3,27.6104138,-17.06660638,0.174107143,225,0.404444444,0.404444444,5,0
81111,81111_6,4,27.6104138,-17.06660638,0.266949153,237,0.261603376,0.261603376,33,0.454545455
81111,81111_6,5,27.6104138,-17.06660638,0.331606218,193,0.191709845,0.191709845,12,0.166666667
81111,81111_6,6,27.6104138,-17.06660638,-1000,-1000,-1000,-1000,-1000,-1000
81111,81111_7,1,27.53590406,-17.06917109,0.483271375,828,0.333333333,0.333333333,130,0.492307692
81111,81111_7,2,27.53590406,-17.06917109,0.173965937,830,0.280722892,0.280722892,31,0.129032258
81111,81111_7,3,27.53590406,-17.06917109,0.108982036,841,0.263971463,0.263971463,49,0.285714286
81111,81111_7,4,27.53590406,-17.06917109,0.249318801,740,0.118918919,0.118918919,67,0.447761194
81111,81111_7,5,27.53590406,-17.06917109,0.14266118,732,0.224043716,0.224043716,16,0.375
81111,81111_7,6,27.53590406,-17.06917109,-1000,-1000,-1000,-1000,-1000,-1000
81111,81111_8,1,27.5086663,-17.08299536,0.456910569,622,0.088424437,0.088424437,87,0.16091954
81111,81111_8,2,27.5086663,-17.08299536,0.288065844,489,0.226993865,0.226993865,42,0.214285714
81111,81111_8,3,27.5086663,-17.08299536,0.269329897,780,0.180769231,0.180769231,8,0.5
81111,81111_8,4,27.5086663,-17.08299536,0.330343797,669,0.186846039,0.186846039,49,0.448979592
81111,81111_8,5,27.5086663,-17.08299536,0.2425,402,0.116915423,0.116915423,38,0.394736842
81111,81111_8,6,27.5086663,-17.08299536,-1000,-1000,-1000,-1000,-1000,-1000
81111,81111_9,1,27.55200073,-17.06340754,0.452380952,1291,0.381874516,0.381874516,351,0.507122507
81111,81111_9,2,27.55200073,-17.06340754,0.208381839,1730,0.23583815,0.23583815,55,0.090909091
81111,81111_9,3,27.55200073,-17.06340754,0.138633377,1544,0.244818653,0.244818653,49,0.142857143
81111,81111_9,4,27.55200073,-17.06340754,0.297997069,2061,0.184376516,0.184376516,214,0.518691589
81111,81111_9,5,27.55200073,-17.06340754,0.163385827,2040,0.101960784,0.101960784,49,0.735849057
81111,81111_9,6,27.55200073,-17.06340754,-1000,-1000,-1000,-1000,-1000,-1000
81114,81114_1,1,27.13703776,-17.54632936,0.2,466,0.450643777,0.450643777,25,0
81114,81114_1,2,27.13703776,-17.54632936,0.105263158,458,0.406113537,0.406113537,4,0
81114,81114_1,3,27.13703776,-17.54632936,0.019950125,404,0.455445545,0.455445545,0,-1000
81114,81114_1,4,27.13703776,-17.54632936,0.292857143,423,0.609929078,0.609929078,2,0
81114,81114_1,5,27.13703776,-17.54632936,0.102564103,391,0.557544757,0.557544757,2,0
81114,81114_1,6,27.13703776,-17.54632936,0.032941176,429,0.344988345,0.344988345,2,0
81114,81114_10,1,27.00782065,-17.57023612,0.147663551,535,0.697196262,0.697196262,40,0.15
81114,81114_10,2,27.00782065,-17.57023612,0.047297297,445,0.66741573,0.66741573,5,0.2
81114,81114_10,3,27.00782065,-17.57023612,0.041501976,509,0.597249509,0.597249509,0,-1000
81114,81114_10,4,27.00782065,-17.57023612,0.113636364,574,0.468641115,0.468641115,5,0
81114,81114_10,5,27.00782065,-17.57023612,0.039387309,460,0.297826087,0.297826087,4,0.25
81114,81114_10,6,27.00782065,-17.57023612,0.02016129,499,0.256513026,0.256513026,0,-1000
81114,81114_2,1,27.06890996,-17.51507811,0.184713376,474,0.767932489,0.767932489,77,0.25974026
81114,81114_2,2,27.06890996,-17.51507811,0.063829787,518,0.693050193,0.693050193,3,0.333333333
81114,81114_2,3,27.06890996,-17.51507811,0.032051282,469,0.671641791,0.671641791,2,0.5
81114,81114_2,4,27.06890996,-17.51507811,0.187390543,585,0.500854701,0.500854701,7,0
81114,81114_2,5,27.06890996,-17.51507811,0.059782609,554,0.5,0.5,4,0
81114,81114_2,6,27.06890996,-17.51507811,0.02283105,440,0.329545455,0.329545455,3,0
81114,81114_3,1,27.12072928,-17.48451301,0.211604096,587,0.618398637,0.618398637,46,0.217391304
81114,81114_3,2,27.12072928,-17.48451301,0.0736,633,0.758293839,0.758293839,3,0.333333333
81114,81114_3,3,27.12072928,-17.48451301,0.037662338,770,0.585714286,0.585714286,1,0
81114,81114_3,4,27.12072928,-17.48451301,0.201201201,677,0.555391433,0.555391433,33,0.090909091
81114,81114_3,5,27.12072928,-17.48451301,0.068123393,781,0.398207426,0.398207426,7,0.285714286
81114,81114_3,6,27.12072928,-17.48451301,0.049411765,858,0.182983683,0.182983683,5,0.4
81114,81114_4,1,27.1275419,-17.45812682,0.493562232,233,0.592274678,0.592274678,34,0.147058824
81114,81114_4,2,27.1275419,-17.45812682,0.067307692,208,0.600961538,0.600961538,9,0.222222222
81114,81114_4,3,27.1275419,-17.45812682,0.0456621,219,0.552511416,0.552511416,0,-1000
81114,81114_4,4,27.1275419,-17.45812682,0.393939394,265,0.505660377,0.505660377,5,0
81114,81114_4,5,27.1275419,-17.45812682,0.093333333,227,0.475770925,0.475770925,3,0
81114,81114_4,6,27.1275419,-17.45812682,0.083333333,218,0.472477064,0.472477064,0,-1000
81114,81114_5,1,27.14716679,-17.44298998,0.316049383,405,0.595061728,0.595061728,21,0.142857143
81114,81114_5,2,27.14716679,-17.44298998,0.081967213,427,0.552693208,0.552693208,1,0
81114,81114_5,3,27.14716679,-17.44298998,0.048484848,330,0.487878788,0.487878788,1,0
81114,81114_5,4,27.14716679,-17.44298998,0.301552106,458,0.430131004,0.430131004,1,0
81114,81114_5,5,27.14716679,-17.44298998,0.041162228,420,0.354761905,0.354761905,4,0.25
81114,81114_5,6,27.14716679,-17.44298998,0.020547945,440,0.181818182,0.181818182,0,-1000
81114,81114_6,1,27.06016656,-17.4234713,0.109090909,110,0.654545455,0.654545455,22,0.227272727
81114,81114_6,2,27.06016656,-17.4234713,0.048543689,103,0.689320388,0.689320388,3,0
81114,81114_6,3,27.06016656,-17.4234713,0.076923077,65,0.430769231,0.430769231,0,-1000
81114,81114_6,4,27.06016656,-17.4234713,0.120689655,58,0.586206897,0.586206897,2,0
81114,81114_6,5,27.06016656,-17.4234713,0,9,0.333333333,0.333333333,0,-1000
81114,81114_6,6,27.06016656,-17.4234713,0.020408163,49,0.326530612,0.326530612,0,-1000
81114,81114_7,1,27.17959691,-17.48998188,0.323586745,513,0.588693957,0.588693957,41,0.048780488
81114,81114_7,2,27.17959691,-17.48998188,0.086283186,454,0.517621145,0.517621145,4,0.25
81114,81114_7,3,27.17959691,-17.48998188,0.075329567,532,0.635338346,0.635338346,1,0
81114,81114_7,4,27.17959691,-17.48998188,0.338709677,586,0.588737201,0.588737201,9,0.111111111
81114,81114_7,5,27.17959691,-17.48998188,0.095419847,529,0.563327032,0.563327032,4,0.25
81114,81114_7,6,27.17959691,-17.48998188,0.056338028,501,0.279441118,0.279441118,6,0
81114,81114_8,1,27.14232358,-17.41982023,0.486910995,191,0.32460733,0.32460733,15,0.466666667
81114,81114_8,2,27.14232358,-17.41982023,0.094059406,202,0.133663366,0.133663366,0,-1000
81114,81114_8,3,27.14232358,-17.41982023,0.040322581,124,0.306451613,0.306451613,0,-1000
81114,81114_8,4,27.14232358,-17.41982023,0.274725275,183,0.56284153,0.56284153,1,0
81114,81114_8,5,27.14232358,-17.41982023,0.108108108,148,0.378378378,0.378378378,0,-1000
81114,81114_8,6,27.14232358,-17.41982023,0.032258065,126,0.015873016,0.015873016,0,-1000
81114,81114_9,1,27.15957838,-17.48174688,0.40625,544,0.560661765,0.560661765,56,0.089285714
81114,81114_9,2,27.15957838,-17.48174688,0.097363083,493,0.618661258,0.618661258,6,0
81114,81114_9,3,27.15957838,-17.48174688,0.061151079,556,0.782374101,0.782374101,0,-1000
81114,81114_9,4,27.15957838,-17.48174688,0.335008375,601,0.557404326,0.557404326,18,0.166666667
81114,81114_9,5,27.15957838,-17.48174688,0.106498195,559,0.533094812,0.533094812,12,0.083333333
81114,81114_9,6,27.15957838,-17.48174688,0.050108932,463,0.239740821,0.239740821,3,0
